nct_id,outcome_domain,time_frame,time_months,module_path,group_id,arm_group_name,arm_role,arm_class,arm_label,subjects_with_sae,event_count,denominator,count_type,subjects_source,is_total_term_available,is_event_count,is_incomplete,source_url
NCT01009918,SAE,AEs were collected for the duration of the study and 12 month follow-up period.,12.0,resultsSection.adverseEventsModule,EG000,Arm I Lisinopril,treatment,ARB/ACEi,lisinopril,5.0,,158,subjects_with_>=1_sae,event_group_total,False,True,False,https://clinicaltrials.gov/study/NCT01009918
NCT01009918,SAE,AEs were collected for the duration of the study and 12 month follow-up period.,12.0,resultsSection.adverseEventsModule,EG001,Arm II Coreg CR®,treatment,Other,arm ii coreg cr®,4.0,,156,subjects_with_>=1_sae,event_group_total,False,True,False,https://clinicaltrials.gov/study/NCT01009918
NCT01009918,SAE,AEs were collected for the duration of the study and 12 month follow-up period.,12.0,resultsSection.adverseEventsModule,EG002,Arm III Placebo,comparator,Placebo/SoC,placebo,6.0,,154,subjects_with_>=1_sae,event_group_total,False,True,False,https://clinicaltrials.gov/study/NCT01009918
NCT01392625,SAE,These AE's were collected over a period of 1 year from the subject signing the consent form.,12.0,resultsSection.adverseEventsModule,EG001,Allogeneic hMSCs,treatment,Other,allogeneic hmscs,6.0,,19,subjects_with_>=1_sae,event_group_total,False,True,False,https://clinicaltrials.gov/study/NCT01392625
NCT01392625,SAE,These AE's were collected over a period of 1 year from the subject signing the consent form.,12.0,resultsSection.adverseEventsModule,EG000,Autologous hMSCs,treatment,Other,autologous hmscs,6.0,,18,subjects_with_>=1_sae,event_group_total,False,True,False,https://clinicaltrials.gov/study/NCT01392625
NCT01516346,SAE,24 weeks,5.523590333716917,resultsSection.adverseEventsModule,EG000,Isosorbide Dinitrate,treatment,Other,isosorbide dinitrate,3.0,,13,subjects_with_>=1_sae,event_group_total,False,True,False,https://clinicaltrials.gov/study/NCT01516346
NCT01516346,SAE,24 weeks,5.523590333716917,resultsSection.adverseEventsModule,EG001,Isosorbide Dinitrate + Hydralazine,treatment,Other,isosorbide dinitrate + hydralazine,3.0,,15,subjects_with_>=1_sae,event_group_total,False,True,False,https://clinicaltrials.gov/study/NCT01516346
NCT01516346,SAE,24 weeks,5.523590333716917,resultsSection.adverseEventsModule,EG002,Placebo,comparator,Placebo/SoC,placebo,1.0,,16,subjects_with_>=1_sae,event_group_total,False,True,False,https://clinicaltrials.gov/study/NCT01516346
NCT01920711,SAE,"Adverse events were collected from first dose of study treatment until end of study treatment plus 30 days post treatment, up to maximum duration of approx. 5 years.",60.0,resultsSection.adverseEventsModule,EG002,All Patients,treatment,ARNI,all patients,2840.0,,4821,subjects_with_>=1_sae,event_group_total,False,True,False,https://clinicaltrials.gov/study/NCT01920711
NCT01920711,SAE,"Adverse events were collected from first dose of study treatment until end of study treatment plus 30 days post treatment, up to maximum duration of approx. 5 years.",60.0,resultsSection.adverseEventsModule,EG000,LCZ696,treatment,ARNI,lcz696,1424.0,,2419,subjects_with_>=1_sae,event_group_total,False,True,False,https://clinicaltrials.gov/study/NCT01920711
NCT01920711,SAE,"Adverse events were collected from first dose of study treatment until end of study treatment plus 30 days post treatment, up to maximum duration of approx. 5 years.",60.0,resultsSection.adverseEventsModule,EG001,Valsartan,treatment,ARB/ACEi,valsartan,1416.0,,2402,subjects_with_>=1_sae,event_group_total,False,True,False,https://clinicaltrials.gov/study/NCT01920711
NCT01951638,SAE,Treatment-emergent AEs were collected after first application of study medication up to 5 calendar days after end of treatment with study medication,0.16427104722792607,resultsSection.adverseEventsModule,EG001,BAY1021189 1.25 mg,treatment,sGC stimulators,bay1021189 1.25 mg,20.0,,96,subjects_with_>=1_sae,event_group_total,False,True,False,https://clinicaltrials.gov/study/NCT01951638
NCT01951638,SAE,Treatment-emergent AEs were collected after first application of study medication up to 5 calendar days after end of treatment with study medication,0.16427104722792607,resultsSection.adverseEventsModule,EG002,BAY1021189 2.5 mg,treatment,sGC stimulators,bay1021189 2.5 mg,24.0,,95,subjects_with_>=1_sae,event_group_total,False,True,False,https://clinicaltrials.gov/study/NCT01951638
NCT01951638,SAE,Treatment-emergent AEs were collected after first application of study medication up to 5 calendar days after end of treatment with study medication,0.16427104722792607,resultsSection.adverseEventsModule,EG004,BAY1021189 From 2.5 to 10 mg,treatment,sGC stimulators,bay1021189 from 2.5 to 10 mg,21.0,,96,subjects_with_>=1_sae,event_group_total,False,True,False,https://clinicaltrials.gov/study/NCT01951638
NCT01951638,SAE,Treatment-emergent AEs were collected after first application of study medication up to 5 calendar days after end of treatment with study medication,0.16427104722792607,resultsSection.adverseEventsModule,EG003,BAY1021189 From 2.5 to 5 mg,treatment,sGC stimulators,bay1021189 from 2.5 to 5 mg,18.0,,95,subjects_with_>=1_sae,event_group_total,False,True,False,https://clinicaltrials.gov/study/NCT01951638
NCT01951638,SAE,Treatment-emergent AEs were collected after first application of study medication up to 5 calendar days after end of treatment with study medication,0.16427104722792607,resultsSection.adverseEventsModule,EG000,Placebo,comparator,Placebo/SoC,placebo,20.0,,93,subjects_with_>=1_sae,event_group_total,False,True,False,https://clinicaltrials.gov/study/NCT01951638
NCT01953874,SAE,6 months,6.0,resultsSection.adverseEventsModule,EG000,MV ASV+OMT,treatment,Other,mv asv+omt,,,65,subjects_non_total_not_used,,False,False,True,https://clinicaltrials.gov/study/NCT01953874
NCT01953874,SAE,6 months,6.0,resultsSection.adverseEventsModule,EG001,OMT Only,treatment,Other,omt only,,,61,subjects_non_total_not_used,,False,False,True,https://clinicaltrials.gov/study/NCT01953874
NCT02053493,SAE,Informed Consent through Week 15 phone visit,3.4522439585730726,resultsSection.adverseEventsModule,EG000,Isosorbide Mononitrate Crossover to Placebo,comparator,Placebo/SoC,placebo,2.0,,51,subjects_with_>=1_sae,event_group_total,False,True,False,https://clinicaltrials.gov/study/NCT02053493
NCT02053493,SAE,Informed Consent through Week 15 phone visit,3.4522439585730726,resultsSection.adverseEventsModule,EG001,Placebo Crossover to Isosorbide Mononitrate,comparator,Placebo/SoC,placebo,1.0,,59,subjects_with_>=1_sae,event_group_total,False,True,False,https://clinicaltrials.gov/study/NCT02053493
NCT02145351,SAE,"Adverse Events were assessed for all subjects during Pacemaker implantation (4 weeks), first treatment period (4 weeks), washout period (4 weeks), and second treatment period (4 weeks) for a total of approximately 16 weeks.",0.9205983889528194,resultsSection.adverseEventsModule,EG002,Pacemaker Implantation,treatment,Other,pacemaker implantation,1.0,,32,subjects_with_>=1_sae,event_group_total,False,True,False,https://clinicaltrials.gov/study/NCT02145351
NCT02173548,SAE,24 weeks,5.523590333716917,resultsSection.adverseEventsModule,EG000,Anakinra,treatment,Other,anakinra,1.0,,20,subjects_with_>=1_sae,event_group_total,False,True,False,https://clinicaltrials.gov/study/NCT02173548
NCT02173548,SAE,24 weeks,5.523590333716917,resultsSection.adverseEventsModule,EG001,Placebo,comparator,Placebo/SoC,placebo,1.0,,10,subjects_with_>=1_sae,event_group_total,False,True,False,https://clinicaltrials.gov/study/NCT02173548
NCT02256345,SAE,Adverse events were collected at every visit. There are a total of three visits that are 1 week apart.,0.23014959723820486,resultsSection.adverseEventsModule,EG001,Randomized to KCl,treatment,Other,randomized to kcl,,,3,subjects_non_total_not_used,,False,False,True,https://clinicaltrials.gov/study/NCT02256345
NCT02256345,SAE,Adverse events were collected at every visit. There are a total of three visits that are 1 week apart.,0.23014959723820486,resultsSection.adverseEventsModule,EG000,Randomized to KNO3,treatment,Other,randomized to kno3,,,9,subjects_non_total_not_used,,False,False,True,https://clinicaltrials.gov/study/NCT02256345
NCT02262078,SAE,From baseline to X hours following treatment.,,resultsSection.adverseEventsModule,EG000,Placebo (Saline),comparator,Placebo/SoC,placebo,,,13,subjects_non_total_not_used,,False,False,True,https://clinicaltrials.gov/study/NCT02262078
NCT02262078,SAE,From baseline to X hours following treatment.,,resultsSection.adverseEventsModule,EG001,Sodium Nitrite,treatment,Other,sodium nitrite,,,13,subjects_non_total_not_used,,False,False,True,https://clinicaltrials.gov/study/NCT02262078
NCT02275819,SAE,Adverse event data was collected while participants were enrolled from enrollment until collection of the final study endpoint at 3-5 months.,5.0,resultsSection.adverseEventsModule,EG001,Intervention Group,treatment,Other,intervention group,4.0,,5,subjects_with_>=1_sae,event_group_total,False,True,False,https://clinicaltrials.gov/study/NCT02275819
NCT02457260,SAE,patients were assessed over 4 weeks of the nitrite intervention,0.9205983889528194,resultsSection.adverseEventsModule,EG001,HFpEF,treatment,Other,hfpef,,,7,subjects_non_total_not_used,,False,False,True,https://clinicaltrials.gov/study/NCT02457260
NCT02457260,SAE,patients were assessed over 4 weeks of the nitrite intervention,0.9205983889528194,resultsSection.adverseEventsModule,EG002,HFrEF,treatment,Other,hfref,,,2,subjects_non_total_not_used,,False,False,True,https://clinicaltrials.gov/study/NCT02457260
NCT02457260,SAE,patients were assessed over 4 weeks of the nitrite intervention,0.9205983889528194,resultsSection.adverseEventsModule,EG000,Healthy Control,comparator,Placebo/SoC,placebo,,,12,subjects_non_total_not_used,,False,False,True,https://clinicaltrials.gov/study/NCT02457260
NCT02501811,SAE,Events reported occurred between randomization and the end of 12 Month Visit Window (an average of 395 days following study product injection).,12.0,resultsSection.adverseEventsModule,EG002,CPCs,treatment,Other,cpcs,13.0,,31,subjects_with_>=1_sae,event_group_total,False,True,False,https://clinicaltrials.gov/study/NCT02501811
NCT02501811,SAE,Events reported occurred between randomization and the end of 12 Month Visit Window (an average of 395 days following study product injection).,12.0,resultsSection.adverseEventsModule,EG001,MSCs,treatment,Other,mscs,14.0,,29,subjects_with_>=1_sae,event_group_total,False,True,False,https://clinicaltrials.gov/study/NCT02501811
NCT02501811,SAE,Events reported occurred between randomization and the end of 12 Month Visit Window (an average of 395 days following study product injection).,12.0,resultsSection.adverseEventsModule,EG000,MSCs + CPCs,treatment,Other,mscs + cpcs,14.0,,33,subjects_with_>=1_sae,event_group_total,False,True,False,https://clinicaltrials.gov/study/NCT02501811
NCT02501811,SAE,Events reported occurred between randomization and the end of 12 Month Visit Window (an average of 395 days following study product injection).,12.0,resultsSection.adverseEventsModule,EG003,Placebo,comparator,Placebo/SoC,placebo,18.0,,32,subjects_with_>=1_sae,event_group_total,False,True,False,https://clinicaltrials.gov/study/NCT02501811
NCT02636439,SAE,20 weeks,4.6029919447640975,resultsSection.adverseEventsModule,EG001,"Dietary, Aerobic, and Resistance Training",treatment,Other,"dietary, aerobic, and resistance training",6.0,,44,subjects_with_>=1_sae,event_group_total,False,True,False,https://clinicaltrials.gov/study/NCT02636439
NCT02636439,SAE,20 weeks,4.6029919447640975,resultsSection.adverseEventsModule,EG000,"Dietary, and Aerobic Exercise",treatment,Other,"dietary, and aerobic exercise",6.0,,44,subjects_with_>=1_sae,event_group_total,False,True,False,https://clinicaltrials.gov/study/NCT02636439
NCT02693002,SAE,12 weeks,2.7617951668584584,resultsSection.adverseEventsModule,EG000,Hormone Replacement Therapy,treatment,Other,hormone replacement therapy,,,2,subjects_non_total_not_used,,False,False,True,https://clinicaltrials.gov/study/NCT02693002
NCT02713126,SAE,"Adverse events were collected from the initiation of any study procedures to the end of the study treatment follow-up, approximately a total of 14 weeks for each participant.",3.222094361334868,resultsSection.adverseEventsModule,EG000,Placebo,comparator,Placebo/SoC,placebo,3.0,,36,subjects_with_>=1_sae,event_group_total,False,True,False,https://clinicaltrials.gov/study/NCT02713126
NCT02713126,SAE,"Adverse events were collected from the initiation of any study procedures to the end of the study treatment follow-up, approximately a total of 14 weeks for each participant.",3.222094361334868,resultsSection.adverseEventsModule,EG001,Sodium Nitrite,treatment,Other,sodium nitrite,7.0,,37,subjects_with_>=1_sae,event_group_total,False,True,False,https://clinicaltrials.gov/study/NCT02713126
NCT02742129,SAE,Consent to 2 weeks post end of Phase 2,0.4602991944764097,resultsSection.adverseEventsModule,EG000,AIR001,treatment,Other,air001,5.0,,103,subjects_with_>=1_sae,event_group_total,False,True,False,https://clinicaltrials.gov/study/NCT02742129
NCT02742129,SAE,Consent to 2 weeks post end of Phase 2,0.4602991944764097,resultsSection.adverseEventsModule,EG001,Placebo,comparator,Placebo/SoC,placebo,4.0,,102,subjects_with_>=1_sae,event_group_total,False,True,False,https://clinicaltrials.gov/study/NCT02742129
NCT02840799,SAE,"Adverse events were collected for each participant starting on their baseline visit to 6 weeks per intervention with 1 week wash-out between, up to 13 weeks",1.3808975834292292,resultsSection.adverseEventsModule,EG002,Baseline Visit,treatment,Other,baseline visit,1.0,,84,subjects_with_>=1_sae,event_group_total,False,True,False,https://clinicaltrials.gov/study/NCT02840799
NCT02840799,SAE,"Adverse events were collected for each participant starting on their baseline visit to 6 weeks per intervention with 1 week wash-out between, up to 13 weeks",1.3808975834292292,resultsSection.adverseEventsModule,EG001,Potassium Chloride (KCl),treatment,Other,potassium chloride (kcl),1.0,,74,subjects_with_>=1_sae,event_group_total,False,True,False,https://clinicaltrials.gov/study/NCT02840799
NCT02840799,SAE,"Adverse events were collected for each participant starting on their baseline visit to 6 weeks per intervention with 1 week wash-out between, up to 13 weeks",1.3808975834292292,resultsSection.adverseEventsModule,EG000,Potassium Nitrate (KNO3),treatment,Other,potassium nitrate (kno3),1.0,,77,subjects_with_>=1_sae,event_group_total,False,True,False,https://clinicaltrials.gov/study/NCT02840799
NCT02874794,SAE,"Adverse events were collected from first dose of study treatment until end of study treatment, plus 30 days post treatment, up to maximum duration of approximately 2.5 years.",30.0,resultsSection.adverseEventsModule,EG000,Double Blind Phase Enalapril,treatment,ARB/ACEi,enalapril,21.0,,233,subjects_with_>=1_sae,event_group_total,False,True,False,https://clinicaltrials.gov/study/NCT02874794
NCT02874794,SAE,"Adverse events were collected from first dose of study treatment until end of study treatment, plus 30 days post treatment, up to maximum duration of approximately 2.5 years.",30.0,resultsSection.adverseEventsModule,EG001,Double Blind Phase Sacubitril/Valsartan,treatment,ARNI,sacubitril/valsartan,17.0,,231,subjects_with_>=1_sae,event_group_total,False,True,False,https://clinicaltrials.gov/study/NCT02874794
NCT02874794,SAE,"Adverse events were collected from first dose of study treatment until end of study treatment, plus 30 days post treatment, up to maximum duration of approximately 2.5 years.",30.0,resultsSection.adverseEventsModule,EG002,Open-Label Phase Sacubitril/Valsartan,treatment,ARNI,sacubitril/valsartan,40.0,,454,subjects_with_>=1_sae,event_group_total,False,True,False,https://clinicaltrials.gov/study/NCT02874794
NCT02884206,SAE,"Adverse events were reported from first dose of study treatment until end of study treatment plus 30 days post treatment, up to a maximum duration of 37 months.",37.0,resultsSection.adverseEventsModule,EG003,LCZ696 200 mg Bid,treatment,ARNI,lcz696,145.0,,295,subjects_with_>=1_sae,event_group_total,False,True,False,https://clinicaltrials.gov/study/NCT02884206
NCT02884206,SAE,"Adverse events were reported from first dose of study treatment until end of study treatment plus 30 days post treatment, up to a maximum duration of 37 months.",37.0,resultsSection.adverseEventsModule,EG002,LCZ696 Run-in 100 mg Bid,treatment,ARNI,lcz696,27.0,,659,subjects_with_>=1_sae,event_group_total,False,True,False,https://clinicaltrials.gov/study/NCT02884206
NCT02884206,SAE,"Adverse events were reported from first dose of study treatment until end of study treatment plus 30 days post treatment, up to a maximum duration of 37 months.",37.0,resultsSection.adverseEventsModule,EG004,Valsartan 160 mg Bid,treatment,ARB/ACEi,valsartan,161.0,,297,subjects_with_>=1_sae,event_group_total,False,True,False,https://clinicaltrials.gov/study/NCT02884206
NCT02884206,SAE,"Adverse events were reported from first dose of study treatment until end of study treatment plus 30 days post treatment, up to a maximum duration of 37 months.",37.0,resultsSection.adverseEventsModule,EG000,Valsartan Run-in 40 mg Bid,treatment,ARB/ACEi,valsartan,3.0,,318,subjects_with_>=1_sae,event_group_total,False,True,False,https://clinicaltrials.gov/study/NCT02884206
NCT02884206,SAE,"Adverse events were reported from first dose of study treatment until end of study treatment plus 30 days post treatment, up to a maximum duration of 37 months.",37.0,resultsSection.adverseEventsModule,EG001,Valsartan Run-in 80 mg Bid,treatment,ARB/ACEi,valsartan,6.0,,675,subjects_with_>=1_sae,event_group_total,False,True,False,https://clinicaltrials.gov/study/NCT02884206
NCT02918552,SAE,Adverse event data was collected for the entire 16 weeks the subject was in the study via telephone assessment for interval histories from visits 1-7 and 7 days after visit 7.,3.6823935558112777,resultsSection.adverseEventsModule,EG001,Control Arm,comparator,Placebo/SoC,placebo,,,8,subjects_non_total_not_used,,False,False,True,https://clinicaltrials.gov/study/NCT02918552
NCT02918552,SAE,Adverse event data was collected for the entire 16 weeks the subject was in the study via telephone assessment for interval histories from visits 1-7 and 7 days after visit 7.,3.6823935558112777,resultsSection.adverseEventsModule,EG000,Treatment Arm,treatment,Other,treatment arm,,,7,subjects_non_total_not_used,,False,False,True,https://clinicaltrials.gov/study/NCT02918552
NCT02941705,SAE,Adverse event data were collected over 1 year following infusion.,12.0,resultsSection.adverseEventsModule,EG001,CONTROL ARM,comparator,Placebo/SoC,placebo,3.0,,13,subjects_with_>=1_sae,event_group_total,False,True,False,https://clinicaltrials.gov/study/NCT02941705
NCT02941705,SAE,Adverse event data were collected over 1 year following infusion.,12.0,resultsSection.adverseEventsModule,EG000,RECIEVED CELLS,treatment,Other,recieved cells,3.0,,13,subjects_with_>=1_sae,event_group_total,False,True,False,https://clinicaltrials.gov/study/NCT02941705
NCT03015402,SAE,"From Baseline through study completion, up to 26 weeks",5.983889528193326,resultsSection.adverseEventsModule,EG000,Oral Nitrite,treatment,Other,oral nitrite,,,24,subjects_non_total_not_used,,False,False,True,https://clinicaltrials.gov/study/NCT03015402
NCT03015402,SAE,"From Baseline through study completion, up to 26 weeks",5.983889528193326,resultsSection.adverseEventsModule,EG001,Placebo,comparator,Placebo/SoC,placebo,,,24,subjects_non_total_not_used,,False,False,True,https://clinicaltrials.gov/study/NCT03015402
NCT03030222,SAE,"Adverse events were collected for up to 15 weeks. The adverse event collection period started at the time the patient signed consent at their Screening Visit, continued through a 12-week double-blind treatment period after randomization, and ended after completion of a 1-week follow-up period after completion of the double-blind treatment period.",3.4522439585730726,resultsSection.adverseEventsModule,EG000,Empagliflozin,treatment,SGLT2 inhibitors,empagliflozin,8.0,,33,subjects_with_>=1_sae,event_group_total,False,True,False,https://clinicaltrials.gov/study/NCT03030222
NCT03030222,SAE,"Adverse events were collected for up to 15 weeks. The adverse event collection period started at the time the patient signed consent at their Screening Visit, continued through a 12-week double-blind treatment period after randomization, and ended after completion of a 1-week follow-up period after completion of the double-blind treatment period.",3.4522439585730726,resultsSection.adverseEventsModule,EG001,Placebo,comparator,Placebo/SoC,placebo,9.0,,32,subjects_with_>=1_sae,event_group_total,False,True,False,https://clinicaltrials.gov/study/NCT03030222
NCT03030235,SAE,"Adverse events were collected for up to 15 weeks. The adverse event collection period started at the time the patient signed consent at their Screening Visit, continued through a 12-week double-blind treatment period after randomization, and ended after completion of a 1-week follow-up period after completion of the double-blind treatment period.",3.4522439585730726,resultsSection.adverseEventsModule,EG000,Dapagliflozin,treatment,SGLT2 inhibitors,dapagliflozin,31.0,,162,subjects_with_>=1_sae,event_group_total,False,True,False,https://clinicaltrials.gov/study/NCT03030235
NCT03030235,SAE,"Adverse events were collected for up to 15 weeks. The adverse event collection period started at the time the patient signed consent at their Screening Visit, continued through a 12-week double-blind treatment period after randomization, and ended after completion of a 1-week follow-up period after completion of the double-blind treatment period.",3.4522439585730726,resultsSection.adverseEventsModule,EG001,Placebo,comparator,Placebo/SoC,placebo,22.0,,162,subjects_with_>=1_sae,event_group_total,False,True,False,https://clinicaltrials.gov/study/NCT03030235
NCT03037580,SAE,The Treatment Phase was 24 weeks for each subject. The study was discontinued by the Sponsor on 14 October 2019 due to slow enrollment.,5.523590333716917,resultsSection.adverseEventsModule,EG000,Oral Treprostinil,treatment,Other,oral treprostinil,11.0,,41,subjects_with_>=1_sae,event_group_total,False,True,False,https://clinicaltrials.gov/study/NCT03037580
NCT03037580,SAE,The Treatment Phase was 24 weeks for each subject. The study was discontinued by the Sponsor on 14 October 2019 due to slow enrollment.,5.523590333716917,resultsSection.adverseEventsModule,EG001,Placebo,comparator,Placebo/SoC,placebo,8.0,,43,subjects_with_>=1_sae,event_group_total,False,True,False,https://clinicaltrials.gov/study/NCT03037580
NCT03057951,SAE,"[All-cause Mortality]: From study start until end of study, up to 1438 days. [Serious adverse events (AE) and other AE]:From time of the first drug intake until 7 days (Residual Effect Period) after the last drug intake, up to 1410 days.",47.24435318275154,resultsSection.adverseEventsModule,EG001,10 mg Empagliflozin,treatment,SGLT2 inhibitors,empagliflozin,1436.0,,2996,subjects_with_>=1_sae,event_group_total,False,True,False,https://clinicaltrials.gov/study/NCT03057951
NCT03057951,SAE,"[All-cause Mortality]: From study start until end of study, up to 1438 days. [Serious adverse events (AE) and other AE]:From time of the first drug intake until 7 days (Residual Effect Period) after the last drug intake, up to 1410 days.",47.24435318275154,resultsSection.adverseEventsModule,EG000,Placebo,comparator,Placebo/SoC,placebo,1543.0,,2989,subjects_with_>=1_sae,event_group_total,False,True,False,https://clinicaltrials.gov/study/NCT03057951
NCT03066804,SAE,"Adverse events were collected from first dose of study treatment until end of study treatment plus 30 days post treatment, up to maximum duration of approx. 2 years.",24.0,resultsSection.adverseEventsModule,EG001,Individualized Medical Therapy (IMT),treatment,ARNI,individualized medical therapy (imt),191.0,,1284,subjects_with_>=1_sae,event_group_total,False,True,False,https://clinicaltrials.gov/study/NCT03066804
NCT03066804,SAE,"Adverse events were collected from first dose of study treatment until end of study treatment plus 30 days post treatment, up to maximum duration of approx. 2 years.",24.0,resultsSection.adverseEventsModule,EG000,Sacubitril/Valsartan (LCZ696),treatment,ARNI,sacubitril/valsartan,186.0,,1280,subjects_with_>=1_sae,event_group_total,False,True,False,https://clinicaltrials.gov/study/NCT03066804
NCT03066804,SAE,"Adverse events were collected from first dose of study treatment until end of study treatment plus 30 days post treatment, up to maximum duration of approx. 2 years.",24.0,resultsSection.adverseEventsModule,EG002,Total,treatment,ARNI,total,377.0,,2564,subjects_with_>=1_sae,event_group_total,False,True,False,https://clinicaltrials.gov/study/NCT03066804
NCT03098979,SAE,From start of study drug administration up to 26 weeks,5.983889528193326,resultsSection.adverseEventsModule,EG002,Neladenoson Bialanate 10mg,treatment,Other,neladenoson bialanate 10mg,11.0,,50,subjects_with_>=1_sae,event_group_total,False,True,False,https://clinicaltrials.gov/study/NCT03098979
NCT03098979,SAE,From start of study drug administration up to 26 weeks,5.983889528193326,resultsSection.adverseEventsModule,EG003,Neladenoson Bialanate 20mg,treatment,Other,neladenoson bialanate 20mg,11.0,,51,subjects_with_>=1_sae,event_group_total,False,True,False,https://clinicaltrials.gov/study/NCT03098979
NCT03098979,SAE,From start of study drug administration up to 26 weeks,5.983889528193326,resultsSection.adverseEventsModule,EG004,Neladenoson Bialanate 30mg,treatment,Other,neladenoson bialanate 30mg,14.0,,50,subjects_with_>=1_sae,event_group_total,False,True,False,https://clinicaltrials.gov/study/NCT03098979
NCT03098979,SAE,From start of study drug administration up to 26 weeks,5.983889528193326,resultsSection.adverseEventsModule,EG005,Neladenoson Bialanate 40mg,treatment,Other,neladenoson bialanate 40mg,16.0,,51,subjects_with_>=1_sae,event_group_total,False,True,False,https://clinicaltrials.gov/study/NCT03098979
NCT03098979,SAE,From start of study drug administration up to 26 weeks,5.983889528193326,resultsSection.adverseEventsModule,EG001,Neladenoson Bialanate 5mg,treatment,Other,neladenoson bialanate 5mg,9.0,,27,subjects_with_>=1_sae,event_group_total,False,True,False,https://clinicaltrials.gov/study/NCT03098979
NCT03098979,SAE,From start of study drug administration up to 26 weeks,5.983889528193326,resultsSection.adverseEventsModule,EG000,Placebo,comparator,Placebo/SoC,placebo,21.0,,76,subjects_with_>=1_sae,event_group_total,False,True,False,https://clinicaltrials.gov/study/NCT03098979
NCT03133793,SAE,Adverse events (AEs) were assessed every 4 weeks throughout treatment from time of first dose and up to the last day at 12 weeks. AEs were evaluated over treatment which was a maximum duration of 3 cycles (approximately 3 months).,3.0,resultsSection.adverseEventsModule,EG003,CoQ10 + D-ribose,treatment,Other,coq10 + d-ribose,7.0,,33,subjects_with_>=1_sae,event_group_total,False,True,False,https://clinicaltrials.gov/study/NCT03133793
NCT03133793,SAE,Adverse events (AEs) were assessed every 4 weeks throughout treatment from time of first dose and up to the last day at 12 weeks. AEs were evaluated over treatment which was a maximum duration of 3 cycles (approximately 3 months).,3.0,resultsSection.adverseEventsModule,EG001,CoQ10 Only,treatment,Other,coq10 only,10.0,,35,subjects_with_>=1_sae,event_group_total,False,True,False,https://clinicaltrials.gov/study/NCT03133793
NCT03133793,SAE,Adverse events (AEs) were assessed every 4 weeks throughout treatment from time of first dose and up to the last day at 12 weeks. AEs were evaluated over treatment which was a maximum duration of 3 cycles (approximately 3 months).,3.0,resultsSection.adverseEventsModule,EG002,D-ribose Only,treatment,Other,d-ribose only,5.0,,33,subjects_with_>=1_sae,event_group_total,False,True,False,https://clinicaltrials.gov/study/NCT03133793
NCT03133793,SAE,Adverse events (AEs) were assessed every 4 weeks throughout treatment from time of first dose and up to the last day at 12 weeks. AEs were evaluated over treatment which was a maximum duration of 3 cycles (approximately 3 months).,3.0,resultsSection.adverseEventsModule,EG000,Placebo Only,comparator,Placebo/SoC,placebo,8.0,,38,subjects_with_>=1_sae,event_group_total,False,True,False,https://clinicaltrials.gov/study/NCT03133793
NCT03153111,SAE,Up to 17 months,17.0,resultsSection.adverseEventsModule,EG000,Macitentan,treatment,Other,macitentan,29.0,,71,subjects_with_>=1_sae,event_group_total,False,True,False,https://clinicaltrials.gov/study/NCT03153111
NCT03153111,SAE,Up to 17 months,17.0,resultsSection.adverseEventsModule,EG001,Placebo,comparator,Placebo/SoC,placebo,23.0,,71,subjects_with_>=1_sae,event_group_total,False,True,False,https://clinicaltrials.gov/study/NCT03153111
NCT03210402,SAE,"Adverse events were collected for all patients from the time of enrollment through the time of study exit, which occurred 12 weeks after the baseline visit for subjects that did not exit early.",2.7617951668584584,resultsSection.adverseEventsModule,EG002,Elevated Night Pacing Off From Randomization To 8 Weeks,treatment,Other,elevated night pacing off from randomization to 8 weeks,2.0,,5,subjects_with_>=1_sae,event_group_total,False,True,False,https://clinicaltrials.gov/study/NCT03210402
NCT03210402,SAE,"Adverse events were collected for all patients from the time of enrollment through the time of study exit, which occurred 12 weeks after the baseline visit for subjects that did not exit early.",2.7617951668584584,resultsSection.adverseEventsModule,EG000,Elevated Night Pacing On Before Randomization,treatment,Other,elevated night pacing on before randomization,4.0,,22,subjects_with_>=1_sae,event_group_total,False,True,False,https://clinicaltrials.gov/study/NCT03210402
NCT03210402,SAE,"Adverse events were collected for all patients from the time of enrollment through the time of study exit, which occurred 12 weeks after the baseline visit for subjects that did not exit early.",2.7617951668584584,resultsSection.adverseEventsModule,EG001,Elevated Night Pacing On From Randomization To 8 Weeks,treatment,Other,elevated night pacing on from randomization to 8 weeks,1.0,,9,subjects_with_>=1_sae,event_group_total,False,True,False,https://clinicaltrials.gov/study/NCT03210402
NCT03254485,SAE,From first dose of study drug (Day 1) up to Follow-up Visit (Day 113),3.7125256673511293,resultsSection.adverseEventsModule,EG000,Placebo,comparator,Placebo/SoC,placebo,9.0,,90,subjects_with_>=1_sae,event_group_total,False,True,False,https://clinicaltrials.gov/study/NCT03254485
NCT03254485,SAE,From first dose of study drug (Day 1) up to Follow-up Visit (Day 113),3.7125256673511293,resultsSection.adverseEventsModule,EG003,Praliciguat 40 mg,treatment,sGC stimulators,praliciguat,10.0,,91,subjects_with_>=1_sae,event_group_total,False,True,False,https://clinicaltrials.gov/study/NCT03254485
NCT03276728,SAE,Part A: Day 1 up to Day 31 Part B: Day 1 up to Day 37 Part C: Day 1 up to Day 51,1.675564681724846,resultsSection.adverseEventsModule,EG007,Part C: HFpEF AMG 986,treatment,Other,part c: hfpef amg 986,1.0,,3,subjects_with_>=1_sae,event_group_total,False,True,False,https://clinicaltrials.gov/study/NCT03276728
NCT03327649,SAE,3 months,3.0,resultsSection.adverseEventsModule,EG001,Active Treatment,treatment,Other,active treatment,,,24,subjects_non_total_not_used,,False,False,True,https://clinicaltrials.gov/study/NCT03327649
NCT03327649,SAE,3 months,3.0,resultsSection.adverseEventsModule,EG000,Sham Control,comparator,Placebo/SoC,placebo,,,24,subjects_non_total_not_used,,False,False,True,https://clinicaltrials.gov/study/NCT03327649
NCT03332212,SAE,"All adverse events occurring between the start of treatment and end of the residual effect period, 7 days after the last dose of medication. Up to 95 days.",0.22997946611909653,resultsSection.adverseEventsModule,EG001,Empagliflozin 10mg,treatment,SGLT2 inhibitors,empagliflozin,1.0,,35,subjects_with_>=1_sae,event_group_total,False,True,False,https://clinicaltrials.gov/study/NCT03332212
NCT03332212,SAE,"All adverse events occurring between the start of treatment and end of the residual effect period, 7 days after the last dose of medication. Up to 95 days.",0.22997946611909653,resultsSection.adverseEventsModule,EG000,Placebo,comparator,Placebo/SoC,placebo,7.0,,36,subjects_with_>=1_sae,event_group_total,False,True,False,https://clinicaltrials.gov/study/NCT03332212
NCT03357731,SAE,From first dose to 30 days post last dose (approximately 3 months),3.0,resultsSection.adverseEventsModule,EG002,Nitroglycerin (NTG),treatment,Other,nitroglycerin (ntg),1.0,,44,subjects_with_>=1_sae,event_group_total,False,True,False,https://clinicaltrials.gov/study/NCT03357731
NCT03357731,SAE,From first dose to 30 days post last dose (approximately 3 months),3.0,resultsSection.adverseEventsModule,EG000,Placebo (PBO),comparator,Placebo/SoC,placebo,1.0,,40,subjects_with_>=1_sae,event_group_total,False,True,False,https://clinicaltrials.gov/study/NCT03357731
NCT03387813,SAE,"Adverse device effects (ADEs), serious adverse device effects (SADEs), serious adverse events (SAEs), and unanticipated adverse device effects (UADEs) were summarized for subjects enrolled in this trial as number of events, the number and percentage of subjects with events and event rate as number of events/subject-month. Adverse event data were collected during the 1-year follow-up period.",12.0,resultsSection.adverseEventsModule,EG001,Randomized Arm - Control Group,comparator,Placebo/SoC,placebo,272.0,,503,subjects_with_>=1_sae,event_group_total,False,True,False,https://clinicaltrials.gov/study/NCT03387813
NCT03387813,SAE,"Adverse device effects (ADEs), serious adverse device effects (SADEs), serious adverse events (SAEs), and unanticipated adverse device effects (UADEs) were summarized for subjects enrolled in this trial as number of events, the number and percentage of subjects with events and event rate as number of events/subject-month. Adverse event data were collected during the 1-year follow-up period.",12.0,resultsSection.adverseEventsModule,EG000,Randomized Arm - Treatment Group,treatment,Other,randomized arm - treatment group,283.0,,497,subjects_with_>=1_sae,event_group_total,False,True,False,https://clinicaltrials.gov/study/NCT03387813
NCT03387813,SAE,"Adverse device effects (ADEs), serious adverse device effects (SADEs), serious adverse events (SAEs), and unanticipated adverse device effects (UADEs) were summarized for subjects enrolled in this trial as number of events, the number and percentage of subjects with events and event rate as number of events/subject-month. Adverse event data were collected during the 1-year follow-up period.",12.0,resultsSection.adverseEventsModule,EG002,Single Arm,treatment,Other,single arm,820.0,,1358,subjects_with_>=1_sae,event_group_total,False,True,False,https://clinicaltrials.gov/study/NCT03387813
NCT03423342,SAE,16 weeks,3.6823935558112777,resultsSection.adverseEventsModule,EG000,Nicotinamide Riboside,treatment,Other,nicotinamide riboside,1.0,,20,subjects_with_>=1_sae,event_group_total,False,True,False,https://clinicaltrials.gov/study/NCT03423342
NCT03423342,SAE,16 weeks,3.6823935558112777,resultsSection.adverseEventsModule,EG001,Placebo,comparator,Placebo/SoC,placebo,2.0,,10,subjects_with_>=1_sae,event_group_total,False,True,False,https://clinicaltrials.gov/study/NCT03423342
NCT03448406,SAE,"From first intake of study medication, until 7 days after last intake of study medication, up to 92 days.",0.22997946611909653,resultsSection.adverseEventsModule,EG001,10 mg Empagliflozin,treatment,SGLT2 inhibitors,empagliflozin,20.0,,157,subjects_with_>=1_sae,event_group_total,False,True,False,https://clinicaltrials.gov/study/NCT03448406
NCT03448406,SAE,"From first intake of study medication, until 7 days after last intake of study medication, up to 92 days.",0.22997946611909653,resultsSection.adverseEventsModule,EG000,Placebo,comparator,Placebo/SoC,placebo,29.0,,158,subjects_with_>=1_sae,event_group_total,False,True,False,https://clinicaltrials.gov/study/NCT03448406
NCT03458130,SAE,"Onset date on or after first dose of study drug and not more than 30 days after last dose of study drug, up to day 58.",0.9856262833675565,resultsSection.adverseEventsModule,EG000,AG10 400mg,treatment,Other,ag10 400mg,1.0,,16,subjects_with_>=1_sae,event_group_total,False,True,False,https://clinicaltrials.gov/study/NCT03458130
NCT03458130,SAE,"Onset date on or after first dose of study drug and not more than 30 days after last dose of study drug, up to day 58.",0.9856262833675565,resultsSection.adverseEventsModule,EG002,Placebo,comparator,Placebo/SoC,placebo,2.0,,17,subjects_with_>=1_sae,event_group_total,False,True,False,https://clinicaltrials.gov/study/NCT03458130
NCT03541603,SAE,6 weeks,1.3808975834292292,resultsSection.adverseEventsModule,EG000,Levosimendan 2.5mg/mL Injectable Solution,treatment,Other,levosimendan 2.5mg/ml injectable solution,3.0,,18,subjects_with_>=1_sae,event_group_total,False,True,False,https://clinicaltrials.gov/study/NCT03541603
NCT03541603,SAE,6 weeks,1.3808975834292292,resultsSection.adverseEventsModule,EG001,Matching Placebo,comparator,Placebo/SoC,placebo,1.0,,19,subjects_with_>=1_sae,event_group_total,False,True,False,https://clinicaltrials.gov/study/NCT03541603
NCT03547583,SAE,Timeframe for reporting adverse events: From the first application of study medication up to 5 calendar days after end of treatment with study medication. Timeframe for number of death (all causes): After study medication start until last contact date. (The median follow-up time is 197 days.),6.4722792607802875,resultsSection.adverseEventsModule,EG002,Placebo,comparator,Placebo/SoC,placebo,48.0,,262,subjects_with_>=1_sae,event_group_total,False,True,False,https://clinicaltrials.gov/study/NCT03547583
NCT03547583,SAE,Timeframe for reporting adverse events: From the first application of study medication up to 5 calendar days after end of treatment with study medication. Timeframe for number of death (all causes): After study medication start until last contact date. (The median follow-up time is 197 days.),6.4722792607802875,resultsSection.adverseEventsModule,EG000,Vericiguat up to 10 mg,treatment,sGC stimulators,vericiguat,46.0,,262,subjects_with_>=1_sae,event_group_total,False,True,False,https://clinicaltrials.gov/study/NCT03547583
NCT03547583,SAE,Timeframe for reporting adverse events: From the first application of study medication up to 5 calendar days after end of treatment with study medication. Timeframe for number of death (all causes): After study medication start until last contact date. (The median follow-up time is 197 days.),6.4722792607802875,resultsSection.adverseEventsModule,EG001,Vericiguat up to 15 mg,treatment,sGC stimulators,vericiguat,54.0,,264,subjects_with_>=1_sae,event_group_total,False,True,False,https://clinicaltrials.gov/study/NCT03547583
NCT03611153,SAE,"Adverse events were collected on each participant from the start of the invasive testing procedure and study drug administration, through the follow-up visit, which was approximately 9-14 days later; for a total of approximately 15 days.",0.45995893223819306,resultsSection.adverseEventsModule,EG001,Placebo,comparator,Placebo/SoC,placebo,1.0,,15,subjects_with_>=1_sae,event_group_total,False,True,False,https://clinicaltrials.gov/study/NCT03611153
NCT03619213,SAE,"[All-cause mortality]: From randomization until end of study, up to 42.2 months. [Serious AE and other AE] From first dose until end of study, up to 42.2 months.",42.2,resultsSection.adverseEventsModule,EG000,Dapa 10 mg,treatment,SGLT2 inhibitors,dapa 10 mg,1454.0,,3126,subjects_with_>=1_sae,event_group_total,False,True,False,https://clinicaltrials.gov/study/NCT03619213
NCT03619213,SAE,"[All-cause mortality]: From randomization until end of study, up to 42.2 months. [Serious AE and other AE] From first dose until end of study, up to 42.2 months.",42.2,resultsSection.adverseEventsModule,EG001,Placebo,comparator,Placebo/SoC,placebo,1508.0,,3127,subjects_with_>=1_sae,event_group_total,False,True,False,https://clinicaltrials.gov/study/NCT03619213
NCT03756285,SAE,"Adverse Events will be collected from the time of the first dose throughout the treatment period and including the follow-up period, up to 124 days. Serious Adverse Events will be recorded from the time of signing the informed consent form through follow-up period, up to 124 days.",4.073921971252567,resultsSection.adverseEventsModule,EG000,AZD4831,treatment,Other,azd4831,2.0,,27,subjects_with_>=1_sae,event_group_total,False,True,False,https://clinicaltrials.gov/study/NCT03756285
NCT03756285,SAE,"Adverse Events will be collected from the time of the first dose throughout the treatment period and including the follow-up period, up to 124 days. Serious Adverse Events will be recorded from the time of signing the informed consent form through follow-up period, up to 124 days.",4.073921971252567,resultsSection.adverseEventsModule,EG001,Placebo,comparator,Placebo/SoC,placebo,2.0,,14,subjects_with_>=1_sae,event_group_total,False,True,False,https://clinicaltrials.gov/study/NCT03756285
NCT03877224,SAE,"Includes data collected on or after date of first dose and up to (including) 30 days following last dose of randomized study drug, and no later than visit 5 (up to day 119). Deaths collected on or after first dose of randomized study drug, up to 119 days.",0.9856262833675565,resultsSection.adverseEventsModule,EG000,Dapa 10 mg,treatment,SGLT2 inhibitors,dapa 10 mg,26.0,,252,subjects_with_>=1_sae,event_group_total,False,True,False,https://clinicaltrials.gov/study/NCT03877224
NCT03877224,SAE,"Includes data collected on or after date of first dose and up to (including) 30 days following last dose of randomized study drug, and no later than visit 5 (up to day 119). Deaths collected on or after first dose of randomized study drug, up to 119 days.",0.9856262833675565,resultsSection.adverseEventsModule,EG001,Placebo,comparator,Placebo/SoC,placebo,19.0,,249,subjects_with_>=1_sae,event_group_total,False,True,False,https://clinicaltrials.gov/study/NCT03877224
NCT03988634,SAE,"Adverse events of the double-blind phase were reported from first dose of study treatment until end of study treatment plus 1 month post treatment, up to a maximum duration of 21 months. For those patients enrolled during the original version (00) of the protocol, where the open-label phase existed, adverse events were reported during the 4 week Open-Label period, and 1 month post treatment, for a maximum of 2 months.",1.0,resultsSection.adverseEventsModule,EG000,Double-blind Phase Sacubitril+ Valsartan (LCZ696),treatment,ARNI,sacubitril,119.0,,233,subjects_with_>=1_sae,event_group_total,False,True,False,https://clinicaltrials.gov/study/NCT03988634
NCT03988634,SAE,"Adverse events of the double-blind phase were reported from first dose of study treatment until end of study treatment plus 1 month post treatment, up to a maximum duration of 21 months. For those patients enrolled during the original version (00) of the protocol, where the open-label phase existed, adverse events were reported during the 4 week Open-Label period, and 1 month post treatment, for a maximum of 2 months.",1.0,resultsSection.adverseEventsModule,EG001,Double-blind Phase Valsartan,treatment,ARB/ACEi,valsartan,117.0,,233,subjects_with_>=1_sae,event_group_total,False,True,False,https://clinicaltrials.gov/study/NCT03988634
NCT03988634,SAE,"Adverse events of the double-blind phase were reported from first dose of study treatment until end of study treatment plus 1 month post treatment, up to a maximum duration of 21 months. For those patients enrolled during the original version (00) of the protocol, where the open-label phase existed, adverse events were reported during the 4 week Open-Label period, and 1 month post treatment, for a maximum of 2 months.",1.0,resultsSection.adverseEventsModule,EG002,Open-label Phase Sacubitril+ Valsartan,treatment,ARNI,sacubitril,3.0,,50,subjects_with_>=1_sae,event_group_total,False,True,False,https://clinicaltrials.gov/study/NCT03988634
NCT04111536,SAE,17 weeks,3.9125431530494827,resultsSection.adverseEventsModule,EG001,Placebo,comparator,Placebo/SoC,placebo,2.0,,28,subjects_with_>=1_sae,event_group_total,False,True,False,https://clinicaltrials.gov/study/NCT04111536
NCT04327024,SAE,Adverse events were collected with onset date on or after first dose and up to the end of the study (week 36). Serious adverse events were collected with onset date on or after the signing of the informed consent form and up to the end of the study (week 36).,8.285385500575375,resultsSection.adverseEventsModule,EG001,Allopurinol,treatment,Other,allopurinol,10.0,,53,subjects_with_>=1_sae,event_group_total,False,True,False,https://clinicaltrials.gov/study/NCT04327024
NCT04327024,SAE,Adverse events were collected with onset date on or after first dose and up to the end of the study (week 36). Serious adverse events were collected with onset date on or after the signing of the informed consent form and up to the end of the study (week 36).,8.285385500575375,resultsSection.adverseEventsModule,EG002,Placebo,comparator,Placebo/SoC,placebo,9.0,,53,subjects_with_>=1_sae,event_group_total,False,True,False,https://clinicaltrials.gov/study/NCT04327024
NCT04327024,SAE,Adverse events were collected with onset date on or after first dose and up to the end of the study (week 36). Serious adverse events were collected with onset date on or after the signing of the informed consent form and up to the end of the study (week 36).,8.285385500575375,resultsSection.adverseEventsModule,EG000,Verinurad + Allopurinol,treatment,Other,verinurad + allopurinol,10.0,,53,subjects_with_>=1_sae,event_group_total,False,True,False,https://clinicaltrials.gov/study/NCT04327024
NCT04424914,SAE,Day 1 up to 6 months of follow-up,6.0,resultsSection.adverseEventsModule,EG002,Non-evaluable Participants,treatment,Other,non-evaluable participants,,,32,subjects_non_total_not_used,,False,False,True,https://clinicaltrials.gov/study/NCT04424914
NCT04424914,SAE,Day 1 up to 6 months of follow-up,6.0,resultsSection.adverseEventsModule,EG000,Participants With ATTR-CM,treatment,Other,participants with attr-cm,,,56,subjects_non_total_not_used,,False,False,True,https://clinicaltrials.gov/study/NCT04424914
NCT04424914,SAE,Day 1 up to 6 months of follow-up,6.0,resultsSection.adverseEventsModule,EG001,Participants Without ATTR-CM,treatment,Other,participants without attr-cm,,,259,subjects_non_total_not_used,,False,False,True,https://clinicaltrials.gov/study/NCT04424914
NCT04434664,SAE,"From enrollment until the end of follow-up, an average of 10 weeks",2.3014959723820487,resultsSection.adverseEventsModule,EG000,Amlodipine Besylate,treatment,Other,amlodipine besylate,1.0,,45,subjects_with_>=1_sae,event_group_total,False,True,False,https://clinicaltrials.gov/study/NCT04434664
NCT04435626,SAE,"Treatment emergent adverse events (TEAEs) are considered from the start of study intervention up to 3 days after the last study intervention administration, with an average treatment duration of 28 months. In contrast, numbers for all-cause mortality listed below consider all deaths after randomization over the entire average study duration of 32 months, independent of treatment and including deaths which occurred after the end of study visit in the 4-week follow-up period.",28.0,resultsSection.adverseEventsModule,EG000,Finerenone (BAY94-8862),treatment,MRA,finerenone,1157.0,,2993,subjects_with_>=1_sae,event_group_total,False,True,False,https://clinicaltrials.gov/study/NCT04435626
NCT04435626,SAE,"Treatment emergent adverse events (TEAEs) are considered from the start of study intervention up to 3 days after the last study intervention administration, with an average treatment duration of 28 months. In contrast, numbers for all-cause mortality listed below consider all deaths after randomization over the entire average study duration of 32 months, independent of treatment and including deaths which occurred after the end of study visit in the 4-week follow-up period.",28.0,resultsSection.adverseEventsModule,EG001,Placebo,comparator,Placebo/SoC,placebo,1213.0,,2993,subjects_with_>=1_sae,event_group_total,False,True,False,https://clinicaltrials.gov/study/NCT04435626
NCT04633460,SAE,"Adverse events were collected the day of the study visit (the day of the first intervention visit, ""Day 1"", and the day of the second intervention visit, approximately ""Day 8"").",0.26283367556468173,resultsSection.adverseEventsModule,EG000,Ketone Ester,treatment,Other,ketone ester,1.0,,20,subjects_with_>=1_sae,event_group_total,False,True,False,https://clinicaltrials.gov/study/NCT04633460
NCT04730947,SAE,Adverse events were collected on each participant from enrollment through approximately one week following the final on-site study visit for a total of approximately seven months.,,resultsSection.adverseEventsModule,EG000,Dapagliflozin Group,treatment,SGLT2 inhibitors,dapagliflozin,4.0,,21,subjects_with_>=1_sae,event_group_total,False,True,False,https://clinicaltrials.gov/study/NCT04730947
NCT04767061,SAE,"During the intervention period, which can include up to 4 periods, with each period being up to 6 weeks, and through the follow-up period, which lasts for 1 year after the subject's end of intervention date.",12.0,resultsSection.adverseEventsModule,EG002,Subjects in Follow-Up,treatment,Other,subjects in follow-up,2.0,,9,subjects_with_>=1_sae,event_group_total,False,True,False,https://clinicaltrials.gov/study/NCT04767061
NCT04788511,SAE,From baseline (week 0) to end of trial (week 57),13.118527042577677,resultsSection.adverseEventsModule,EG001,Placebo,comparator,Placebo/SoC,placebo,71.0,,266,subjects_with_>=1_sae,event_group_total,False,True,False,https://clinicaltrials.gov/study/NCT04788511
NCT04788511,SAE,From baseline (week 0) to end of trial (week 57),13.118527042577677,resultsSection.adverseEventsModule,EG000,Semaglutide 2.4 mg,treatment,Other,semaglutide 2.4 mg,35.0,,263,subjects_with_>=1_sae,event_group_total,False,True,False,https://clinicaltrials.gov/study/NCT04788511
NCT04847557,SAE,Baseline Up To 162 Weeks,37.284234752589185,resultsSection.adverseEventsModule,EG001,Placebo,comparator,Placebo/SoC,placebo,94.0,,367,subjects_with_>=1_sae,event_group_total,False,True,False,https://clinicaltrials.gov/study/NCT04847557
NCT04847557,SAE,Baseline Up To 162 Weeks,37.284234752589185,resultsSection.adverseEventsModule,EG000,Tirzepatide - MTD,treatment,Other,tirzepatide - mtd,96.0,,364,subjects_with_>=1_sae,event_group_total,False,True,False,https://clinicaltrials.gov/study/NCT04847557
NCT04986202,SAE,"The on-study period (Baseline - 52 weeks). The on-study period for is calculated from the date of the first dose of IP and to the earliest date of withdrawal of consent or date of death. If withdrawal of consent or death did not occur, it is calculated from the date of the first dose of IP and to the last study visit.",11.967779056386652,resultsSection.adverseEventsModule,EG000,AZD4831 2.5 mg,treatment,Other,azd4831 2.5 mg,60.0,,234,subjects_with_>=1_sae,event_group_total,False,True,False,https://clinicaltrials.gov/study/NCT04986202
NCT04986202,SAE,"The on-study period (Baseline - 52 weeks). The on-study period for is calculated from the date of the first dose of IP and to the earliest date of withdrawal of consent or date of death. If withdrawal of consent or death did not occur, it is calculated from the date of the first dose of IP and to the last study visit.",11.967779056386652,resultsSection.adverseEventsModule,EG001,AZD4831 5 mg,treatment,Other,azd4831 5 mg,57.0,,240,subjects_with_>=1_sae,event_group_total,False,True,False,https://clinicaltrials.gov/study/NCT04986202
NCT04986202,SAE,"The on-study period (Baseline - 52 weeks). The on-study period for is calculated from the date of the first dose of IP and to the earliest date of withdrawal of consent or date of death. If withdrawal of consent or death did not occur, it is calculated from the date of the first dose of IP and to the last study visit.",11.967779056386652,resultsSection.adverseEventsModule,EG002,Placebo,comparator,Placebo/SoC,placebo,56.0,,235,subjects_with_>=1_sae,event_group_total,False,True,False,https://clinicaltrials.gov/study/NCT04986202
NCT05126836,SAE,1 month,1.0,resultsSection.adverseEventsModule,EG000,Cilostazol,treatment,Other,cilostazol,3.0,,23,subjects_with_>=1_sae,event_group_total,False,True,False,https://clinicaltrials.gov/study/NCT05126836
NCT05126836,SAE,1 month,1.0,resultsSection.adverseEventsModule,EG001,Placebo,comparator,Placebo/SoC,placebo,5.0,,23,subjects_with_>=1_sae,event_group_total,False,True,False,https://clinicaltrials.gov/study/NCT05126836
NCT05409183,SAE,Through week 12 plus a 4-week follow-up period.,2.761795166858458,resultsSection.adverseEventsModule,EG006,Overall CRD-740,treatment,Other,overall crd-740,3.0,,40,subjects_with_>=1_sae,event_group_total,False,True,False,https://clinicaltrials.gov/study/NCT05409183
NCT05409183,SAE,Through week 12 plus a 4-week follow-up period.,2.761795166858458,resultsSection.adverseEventsModule,EG007,Overall Placebo,comparator,Placebo/SoC,placebo,3.0,,20,subjects_with_>=1_sae,event_group_total,False,True,False,https://clinicaltrials.gov/study/NCT05409183
NCT05409183,SAE,Through week 12 plus a 4-week follow-up period.,2.761795166858458,resultsSection.adverseEventsModule,EG000,Period 1: CRD-740,treatment,Other,period 1: crd-740,1.0,,40,subjects_with_>=1_sae,event_group_total,False,True,False,https://clinicaltrials.gov/study/NCT05409183
NCT05409183,SAE,Through week 12 plus a 4-week follow-up period.,2.761795166858458,resultsSection.adverseEventsModule,EG002,Period 2: CRD-740,treatment,Other,period 2: crd-740,1.0,,38,subjects_with_>=1_sae,event_group_total,False,True,False,https://clinicaltrials.gov/study/NCT05409183
NCT05409183,SAE,Through week 12 plus a 4-week follow-up period.,2.761795166858458,resultsSection.adverseEventsModule,EG005,Period 3: Placebo,comparator,Placebo/SoC,placebo,1.0,,19,subjects_with_>=1_sae,event_group_total,False,True,False,https://clinicaltrials.gov/study/NCT05409183
NCT05592275,SAE,Baseline up to Week 30,6.904487917146145,resultsSection.adverseEventsModule,EG002,100 mg LY3540378,treatment,Other,100 mg ly3540378,20.0,,81,subjects_with_>=1_sae,event_group_total,False,True,False,https://clinicaltrials.gov/study/NCT05592275
NCT05592275,SAE,Baseline up to Week 30,6.904487917146145,resultsSection.adverseEventsModule,EG000,25 mg LY3540378,treatment,Other,25 mg ly3540378,19.0,,79,subjects_with_>=1_sae,event_group_total,False,True,False,https://clinicaltrials.gov/study/NCT05592275
NCT05592275,SAE,Baseline up to Week 30,6.904487917146145,resultsSection.adverseEventsModule,EG001,50 mg LY3540378,treatment,Other,50 mg ly3540378,26.0,,83,subjects_with_>=1_sae,event_group_total,False,True,False,https://clinicaltrials.gov/study/NCT05592275
NCT05592275,SAE,Baseline up to Week 30,6.904487917146145,resultsSection.adverseEventsModule,EG003,Placebo,comparator,Placebo/SoC,placebo,15.0,,88,subjects_with_>=1_sae,event_group_total,False,True,False,https://clinicaltrials.gov/study/NCT05592275
