node_id,label,overall_status,primary_completion_date,enrollment,primary_intervention_class,node_type
NCT01691118,A Trial of Fimasartan for Early Diastolic Heart Failure,COMPLETED,2015-08-19,60,Other,trial
NCT01840059,Renal Denervation in Heart Failure With Preserved Ejection Fraction,COMPLETED,2015-09-19,25,Other,trial
NCT01942395,Dietary Approaches to Stop Hypertension in 'Diastolic' Heart Failure 2 (DASH-DHF 2),TERMINATED,2015-11-18,18,Other,trial
NCT01951638,Phase IIb Safety and Efficacy Study of Four Dose Regimens of BAY1021189 in Patients With Heart Failure and Preserved Ejection Fraction Suffering From Worsening Chronic Heart Failure (SOCRATES-PRESERVED),COMPLETED,2015-08-18,477,sGC stimulators,trial
NCT02041130,Renal Denervation in Heart Failure Patients With Preserved Ejection Fraction (RESPECT-HF),UNKNOWN,2015-12-19,144,Other,trial
NCT02053493,Nitrate's Effect on Activity Tolerance in Heart Failure With Preserved Ejection Fraction,COMPLETED,2015-02-19,110,Other,trial
NCT02068040,"Effects of Epicatechin on Functional Capacity, Skeletal Muscle Structure and Diastolic Function in Patients With Heart Failure With Preserved Ejection Fraction (HFPEF)",COMPLETED,2015-04-19,7,Other,trial
NCT02155842,Exercise Training in Treating Diastolic Heart Failure,WITHDRAWN,2015-12-19,0,Other,trial
NCT02262078,Inhaled Sodium Nitrite on Heart Failure With Preserved Ejection Fraction,COMPLETED,2015-12-19,26,Other,trial
NCT03402490,Enhancement of Physical Activity in Elderly Patients With Diastolic Heart Failure by a Motivational Intervention,COMPLETED,2015-12-08,39,Other,trial
NCT01157481,Diastolic Heart Failure Management by Nifedipine,UNKNOWN,2016-12-19,226,Other,trial
NCT01516346,Vasodilator Therapy for Heart Failure and Preserved Ejection Fraction,COMPLETED,2016-02-05,44,Other,trial
NCT01583881,Denervation of the renAl sympathetIc nerveS in hearT Failure With nOrmal Lv Ejection Fraction,TERMINATED,2016-06-01,60,Other,trial
NCT01708798,Study of the Effect of Eplerenone on Heart Function in Women Receiving Anthracycline Chemotherapy for Breast Cancer,TERMINATED,2016-11-19,44,MRA,trial
NCT01896908,Effect of Dietary Sodium Restriction in the Management of Patients With Heart Failure and Diastolic Dysfunction,COMPLETED,2016-07-31,74,Other,trial
NCT01914315,Rehabilitation Program in Heart Failure With Preserved Ejection Fraction,UNKNOWN,2016-01-19,1100,Other,trial
NCT02256345,"Pharmacokinetics, Pharmacodynamics, and Impact of Inorganic Nitrate on Exercise in HFpEF",COMPLETED,2016-06-19,12,Other,trial
NCT02693002,Estrogen Diastolic Heart Failure,TERMINATED,2016-11-19,4,Other,trial
NCT01901809,Diuretics and Dopamine in Heart Failure With Preserved Ejection Fraction,COMPLETED,2017-06-19,90,Other,trial
NCT02078947,Optimizing Exercise Training in Prevention and Treatment of Diastolic Heart Failure,COMPLETED,2017-09-30,180,Other,trial
NCT02173548,Interleukin-1 Blockade in HF With Preserved EF,COMPLETED,2017-04-11,31,Other,trial
NCT02524145,Chronotropic Incompetence in Patients With HFpEF,COMPLETED,2017-11-15,40,Other,trial
NCT02537041,Non-invasive Evaluation of Myocardial Stiffness by Elastography,COMPLETED,2017-03-19,100,Other,trial
NCT02638961,Inspiratory Muscle Training and Functional Electrical Stimulation for Treatment of HFpEF,COMPLETED,2017-01-19,52,Other,trial
NCT02742129,Inorganic Nitrite Delivery to Improve Exercise Capacity in HFpEF,COMPLETED,2017-12-13,105,Other,trial
NCT02764619,Inhibition of Aldosterone to Reduce Myocardial Diffuse Fibrosis in Patients With Paroxysmal and Persistent Atrial Fibrillation in Preventing Recurrent Episodes of Atrial Fibrillation,UNKNOWN,2017-02-19,125,MRA,trial
NCT02814097,A Study to Evaluate the Effects of 4 Weeks Treatment With Subcutaneous Elamipretide on Left Ventricular Function in Subjects With Stable Heart Failure With Preserved Ejection Fraction,COMPLETED,2017-05-04,46,Other,trial
NCT02885636,Inhaled Beta-adrenergic Agonists to Treat Pulmonary Vascular Disease in Heart Failure With Preserved EF (BEAT HFpEF): A Randomized Controlled Trial,COMPLETED,2017-09-19,30,Other,trial
NCT02916225,High Intensity Interval Training Versus Moderate Continuous Training in Heart Failure With Preserved Ejection Fraction,COMPLETED,2017-03-19,19,Other,trial
NCT02949531,Use of Oxygen in Heart Failure With Preserved Ejection Fraction,COMPLETED,2017-02-15,50,Other,trial
NCT03028168,Yôga and Breathing Techniques Training in Patients With Heart Failure and Preserved Ejection Fraction,COMPLETED,2017-05-19,32,Other,trial
NCT02120014,Blood Volume and Hemodynamic Analysis in Patients With Chronic Heart Failure,COMPLETED,2018-07-06,60,Other,trial
NCT02619526,Comparative Effects of Nebivolol and Carvedilol on Diastolic Function in the Elderly Heart Failure Patients,UNKNOWN,2018-07-19,62,Beta blockers,trial
NCT02673463,Spironolactone in Atrial Fibrillation,UNKNOWN,2018-12-19,250,MRA,trial
NCT02772068,Hemodynamic Response to Exercise in HFpEF Patients After Upregulation of SERCA2a,COMPLETED,2018-12-01,26,Other,trial
NCT02779634,Ubiquinol Treatment in Patients With Heart Failure and Preserved Ejection Fraction,UNKNOWN,2018-01-19,60,Other,trial
NCT02918552,Oral Nitrite for Older Heart Failure With Preserved Ejection Fraction,COMPLETED,2018-12-02,15,Other,trial
NCT03098979,A Trial to Study Neladenoson Bialanate Over 20 Weeks in Patients With Chronic Heart Failure With Preserved Ejection Fraction,COMPLETED,2018-05-23,305,Other,trial
NCT03160625,Evaluation of Rate Adaptive Pacing on Chronotropic Response in Preserved Ejection Fraction HF,WITHDRAWN,2018-04-30,0,Other,trial
NCT03289481,Treatment of HFpEF With Nitrate Supplement,COMPLETED,2018-08-22,13,Other,trial
NCT03312387,"Muscle, Essential Amino Acids, and eXercise in Heart Failure",TERMINATED,2018-12-31,1,Other,trial
NCT03435276,"Multiple-ascending Dose Study to Assess the Safety, Tolerability and Pharmacokinetics of AZD9977 in Healthy Male Subjects",COMPLETED,2018-06-13,27,Other,trial
NCT03450759,A Single Oral Dose Study to Evaluate Four Different Formulations of AZD9977 and the Effect of Food in Healthy Male Subjects,COMPLETED,2018-06-06,13,Other,trial
NCT01920711,"Efficacy and Safety of LCZ696 Compared to Valsartan, on Morbidity and Mortality in Heart Failure Patients With Preserved Ejection Fraction",COMPLETED,2019-06-07,4822,ARNI,trial
NCT02084992,A Study of a Technology-enabled Disease Management Program to Reduce Hospitalizations for Heart Failure,COMPLETED,2019-09-01,212,Other,trial
NCT02425371,Optimized Management of Comorbidity in Heart Failure With Preserved Ejection Fraction in the Elderly (>60 Years),UNKNOWN,2019-03-19,410,Other,trial
NCT02807168,NT-proBNP in the Management of Discharged Patients With Acutely Decompensated Heart Failure and Preserved Ejection Fraction,COMPLETED,2019-08-19,167,Other,trial
NCT02932566,The Efficacy and Safety of Pirfenidone in Patients With Heart Failure and Preserved Left Ventricular Ejection Fraction,COMPLETED,2019-11-29,129,Other,trial
NCT02963272,ST2 for the Management of Heart Failure - STADE-HF,COMPLETED,2019-04-26,123,Other,trial
NCT03037580,Oral Treprostinil in Subjects With Pulmonary Hypertension Associated With Heart Failure With Preserved Ejection Fraction,TERMINATED,2019-12-03,84,Other,trial
NCT03041376,Pedometer-Based Walking Intervention in Patients With Chronic Heart Failure With Preserved Ejection Fraction,UNKNOWN,2019-06-30,200,Other,trial
NCT03066804,"A Randomized, Double-blind Controlled Study Comparing LCZ696 to Medical Therapy for Comorbidities in HFpEF Patients",COMPLETED,2019-10-28,2572,ARNI,trial
NCT03111017,Mechanisms and Management of Exercise Intolerance in Older Heart Failure Patients,COMPLETED,2019-12-12,12,Other,trial
NCT03254485,A Study of the Effect of IW-1973 on the Exercise Capacity of Patients With Heart Failure With Preserved Ejection Fraction (HFpEF),COMPLETED,2019-08-19,196,Other,trial
NCT03260621,CMR Exercise Stress Testing in HFpEF,COMPLETED,2019-09-01,75,Other,trial
NCT03276728,Study to Evaluate the Safety and Tolerability of AMG 986 in Healthy Volunteers and Heart Failure Patients,TERMINATED,2019-04-18,182,Other,trial
NCT03448406,This Study Tests Empagliflozin in Patients With Chronic Heart Failure With Preserved Ejection Fraction (HFpEF). The Study Looks at How Far Patients Can Walk in 6 Minutes and at Their Heart Failure Symptoms.,COMPLETED,2019-10-04,315,SGLT2 inhibitors,trial
NCT03476785,Prevention of Cardiovascular Stiffening With Aging and Hypertensive Heart Disease,COMPLETED,2019-07-02,56,Other,trial
NCT03547583,Patient-reported Outcomes in Vericiguat-treated Patients With HFpEF,COMPLETED,2019-10-15,789,sGC stimulators,trial
NCT03801967,"A Study to Assess the Safety, Tolerability and Pharmacokinetics of AZD9977 in Japanese Healthy Participants With Single and Multiple Ascending Dose Administration",COMPLETED,2019-05-02,28,Other,trial
NCT03804645,A Study to Assess the Reaction of Body for Four Different Formulations of AZD9977 (Part A) and Influence of Food and Lower Dose of a Selected Formulation (Part B) in Healthy Male Subjects,COMPLETED,2019-04-16,12,Other,trial
NCT03843060,A Phase 1 Study to Assess the Pharmacokinetics of AZD9977 Administered Alone and in Combination With Itraconazole in Healthy Volunteers,COMPLETED,2019-04-01,14,Other,trial
NCT02589977,"Myocardial Perfusion, Oxidative Metabolism, and Fibrosis in HFpEF",COMPLETED,2020-01-21,55,Other,trial
NCT02744339,Pharmacodynamic Effects of Riociguat in Pulmonary Hypertension and Heart Failure With Preserved Ejection Fraction,COMPLETED,2020-08-19,118,sGC stimulators,trial
NCT03541603,Hemodynamic Evaluation of Levosimendan in Patients With PH-HFpEF,COMPLETED,2020-04-07,44,Other,trial
NCT03620526,Inhaled Iloprost and Exercise Hemodynamics and Ventricular Performance in Heart Failure With Preserved Ejection Fraction,UNKNOWN,2020-01-01,34,Other,trial
NCT03682497,Study in HFpEF Patients to Compare the Effect of AZD9977 and Spironolactone on Serum Potassium,TERMINATED,2020-03-31,68,Other,trial
NCT03756285,Safety and Tolerability Study of AZD4831 in Patients With Heart Failure.,TERMINATED,2020-05-07,41,Other,trial
NCT03877224,DETERMINE-preserved - Dapagliflozin Effect on Exercise Capacity Using a 6-minute Walk Test in Patients With Heart Failure With Preserved Ejection Fraction,COMPLETED,2020-07-09,504,SGLT2 inhibitors,trial
NCT03948685,Carvedilol SR Study for Biomarkers From Blood and Urine and Safety of in Patients With Heart Failure With Preserved Ejection Fraction,UNKNOWN,2020-12-19,300,Beta blockers,trial
NCT04128891,Study of Sacubitril/ValsarTan on MyocardIal OxygenatioN and Fibrosis in Heart Failure With Preserved Ejection Fraction,WITHDRAWN,2020-02-01,0,ARNI,trial
NCT04157660,Effect of Short-term Oxygen During CPET in HFpEF,COMPLETED,2020-12-31,10,Other,trial
NCT02435667,Resistance Training in HFpEF,COMPLETED,2021-01-19,24,Other,trial
NCT02599480,"Assessment of Efficacy of Mirabegron, a New beta3-adrenergic Receptor in the Prevention of Heart Failure",COMPLETED,2021-02-26,296,Other,trial
NCT02636439,Exercise Intolerance in Elderly Patients With HFpEF(Heart Failure With Preserved Ejection Fraction),COMPLETED,2021-07-21,88,Other,trial
NCT03030235,Dapagliflozin in PRESERVED Ejection Fraction Heart Failure,COMPLETED,2021-08-13,324,SGLT2 inhibitors,trial
NCT03030274,The Prelieve Trial - Pilot Study to Assess Safety and Efficacy of a Novel Atrial Flow Regulator (AFR) in Heart Failure Patients,COMPLETED,2021-05-01,106,Other,trial
NCT03057951,EMPagliflozin outcomE tRial in Patients With chrOnic heaRt Failure With Preserved Ejection Fraction (EMPEROR-Preserved),COMPLETED,2021-04-26,5988,SGLT2 inhibitors,trial
NCT03133793,CoQ10 and D-ribose in Patients With Diastolic Heart Failure,COMPLETED,2021-03-12,216,Other,trial
NCT03153111,A Study to Evaluate Whether Macitentan is an Effective and Safe Treatment for Patients With Heart Failure With Preserved Ejection Fraction and Pulmonary Vascular Disease,COMPLETED,2021-03-12,143,Other,trial
NCT03183323,Implementation of Telerehabilitation In Support of HOme-based Physical Exercise for Heart Failure,COMPLETED,2021-02-28,61,Other,trial
NCT03327649,Neuromodulation to Treat Patients With Heart Failure With Preserved Ejection Fraction,COMPLETED,2021-03-30,52,Other,trial
NCT03340233,Understanding the Mechanisms of Diastolic Dysfunction,WITHDRAWN,2021-09-19,0,Other,trial
NCT03506412,Circulating NEP and NEP Inhibition Study in Heart Failure With Preserved Ejection Fraction,COMPLETED,2021-03-23,40,ARNI,trial
NCT03753087,Effects of Empagliflozin on Exercise Capacity and Left Ventricular Diastolic Function in Patients With Heart Failure With Preserved Ejection Fraction and Type-2 Diabetes Mellitus,COMPLETED,2021-12-16,70,SGLT2 inhibitors,trial
NCT03794518,Effect of Dapagliflozin Plus Low Dose Pioglitazone on Hospitalization Rate in Patients With HF and HFpEF,UNKNOWN,2021-09-19,648,Other,trial
NCT03871803,β-blockers Withdrawal in Patients With HFpEF and Chronotropic Incompetence: Effect on Functional Capacity (Preserve-HR),COMPLETED,2021-02-27,52,Other,trial
NCT03901729,A Trial to Study BAY1753011 in Patients With Congestive Heart Failure,COMPLETED,2021-04-16,482,Other,trial
NCT04063579,Cardiac Magnetic Resonance Assessment for Heart Failure With Preserved Ejection Fraction,COMPLETED,2021-09-29,172,Other,trial
NCT04232345,A Study to Assess the Effect AZD4831 in Japanese and Chinese Healthy Volunteers,COMPLETED,2021-03-11,32,Other,trial
NCT04327596,Radiofrequency (RF) Ablation for Atrial Fibrillation (AF) in Patients With Heart Failure With Preserved Ejection Fraction,TERMINATED,2021-09-21,2,Other,trial
NCT04475042,Stratified Treatment to Ameliorate Diastolic Left Ventricular Stiffness in Heart Failure With Preserved Ejection Fraction,UNKNOWN,2021-11-19,26,SGLT2 inhibitors,trial
NCT04687111,Personalised Prospective Comparison of ARni With ArB in Patients With Natriuretic Peptide eLEvation,UNKNOWN,2021-06-11,250,ARNI,trial
NCT04721314,Personalized Pacing: A New Paradigm for Patients With Diastolic Dysfunction or Heart Failure With Preserved Ejection Fraction,COMPLETED,2021-10-30,123,Other,trial
NCT05772754,Molecular Pathways Involved in Cardiac Remodeling in Patients With Chronic Heart Failure With Preserved Ejection Fraction by New Omics Technologies,UNKNOWN,2021-07-20,60,Other,trial
NCT02145351,Efficacy Study of Pacemakers to Treat Slow Heart Rate in Patients With Heart Failure,COMPLETED,2022-05-09,32,Other,trial
NCT02661841,Effectiveness of Lung Impedance Guided Preemptive Therapy of Chronic Heart Failure Patients With Preserved Ejection Fraction (LVEF ≥ 45%) in Our Hospital's Outpatient Clinic,UNKNOWN,2022-01-19,300,Other,trial
NCT02713126,Inorganic Nitrite to Amplify the Benefits and Tolerability of Exercise Training in Heart Failure With Preserved Ejection Fraction (HFpEF) (INABLE-Training),COMPLETED,2022-04-12,92,Other,trial
NCT02762825,Novel Cardiac Rehabilitation in Patients Heart Failure and Preserved Ejection Fraction,TERMINATED,2022-09-27,16,Other,trial
NCT02840799,Effect of KNO3 Compared to KCl on Oxygen UpTake in Heart Failure With Preserved Ejection Fraction (KNO3CK OUT HFPEF),COMPLETED,2022-08-19,84,Other,trial
NCT02884206,Efficacy and Safety of LCZ696 Compared to Valsartan on Cognitive Function in Patients With Chronic Heart Failure and Preserved Ejection Fraction,COMPLETED,2022-05-16,592,ARNI,trial
NCT02980068,A Study of Oral Nitrate in Adults With Pulmonary Hypertension With Heart Failure and Preserved Ejection Fraction,COMPLETED,2022-02-25,77,Other,trial
NCT03074591,Effect of IV Iron in Patients With Heart Failure With Preserved Ejection Fraction,COMPLETED,2022-12-13,40,Other,trial
NCT03611153,Myeloperoxidase (MPO) Inhibitor A_Zeneca for Heart Failure With Preserved Ejection Fraction (HFpEF),COMPLETED,2022-02-11,30,Other,trial
NCT03619213,Dapagliflozin Evaluation to Improve the LIVEs of Patients With PReserved Ejection Fraction Heart Failure.,COMPLETED,2022-03-27,6263,SGLT2 inhibitors,trial
NCT03960073,Chronic Kidney Disease and Heart Failure With Preserved Ejection Fraction: The Role of Mitochondrial Dysfunction,COMPLETED,2022-09-30,25,Other,trial
NCT03988634,"Changes in NT-proBNP, Safety, and Tolerability in HFpEF Patients With a WHF Event (HFpEF Decompensation) Who Have Been Stabilized and Initiated at the Time of or Within 30 Days Post-decompensation (PARAGLIDE-HF)",COMPLETED,2022-12-14,467,ARNI,trial
NCT04113291,Randomized Controlled Pilot Trial of DASH Feeding in Older Low Socioeconomic Adults Without Heart Failure,WITHDRAWN,2022-06-19,0,Other,trial
NCT04235699,Ketogenic Diet in Patients With Heart Failure,TERMINATED,2022-12-31,4,Other,trial
NCT04239807,3-Month Home-based Training With Whole Body Vibration (WBV) Device in Patients With Heart Failure and Preserved Ejection Fraction (GALILEO-HFpEF-HOME) (GALILEOHOME),UNKNOWN,2022-06-30,60,Other,trial
NCT04281849,"Balance, Aerobic Capacity, Mobility and Strength in Patients Hospitalized for Heart Failure (BAMS-HF) Program",COMPLETED,2022-09-14,29,Other,trial
NCT04317339,The Efficacy and Safety of Zhigancao Tang Granule for HFpEF of Qi-Yin Dificiency,UNKNOWN,2022-03-31,122,Other,trial
NCT04327024,Study of Verinurad in Heart Failure With Preserved Ejection Fraction,COMPLETED,2022-04-29,159,Other,trial
NCT04592445,Endovascular Ablation of the Right Greater Splanchnic Nerve in Subjects Having HFpEF,UNKNOWN,2022-04-19,80,Other,trial
NCT04730947,Dapagliflozin (DAPA) Effects in HFpEF,COMPLETED,2022-11-17,38,SGLT2 inhibitors,trial
NCT04739215,Effects of SGLT2 Inhibition on the Mechanisms of Cardiac Damage in the Diabetic Patient With HFpEF,UNKNOWN,2022-12-30,62,SGLT2 inhibitors,trial
NCT04767061,Impact of Beta-blockers on Physical Function in HFpEF,COMPLETED,2022-04-28,9,Other,trial
NCT04937790,Effects of Postural Balance Exercises in Patients With Heart Failure,COMPLETED,2022-10-31,42,Other,trial
NCT05089539,The Effect of Angiotensin Receptor-Neprilysin Inhibition on Cardiac Fibrosis in Patients With HFpEF,UNKNOWN,2022-02-01,60,Other,trial
NCT05126836,Cilostazol for HFpEF,COMPLETED,2022-06-01,25,Other,trial
NCT05330013,The Effect of Inflammation in Heart Failure,WITHDRAWN,2022-06-23,0,SGLT2 inhibitors,trial
NCT05457270,A Study to Assess the Relative Bioavailability and Safety of Different Formulations of AZD4831 in Fasted State in Healthy Volunteers.,COMPLETED,2022-10-17,30,Other,trial
NCT05477498,Iron Substitution With Ferric Carboxymaltose as Treatment Strategy for Heart Failure Patients With Preserved Ejection Fraction,WITHDRAWN,2022-08-31,0,Other,trial
NCT05637125,Effect of Different Types of Aerobic Training on Peak VO2 and Ejection Fraction for Diastolic Heart Failure Patients; a Comparative Randomized Control Trial,COMPLETED,2022-01-01,40,Other,trial
NCT02941705,Regression of Fibrosis & Reversal of Diastolic Dysfunction in HFpEF Patients Treated With Allogeneic CDCs,COMPLETED,2023-04-28,27,Other,trial
NCT03015402,Oral Nitrite in Patients With Pulmonary Hypertension and Heart Failure With Preserved Ejection Fraction,COMPLETED,2023-01-25,33,Other,trial
NCT03184311,High-intensity Interval Training in Heart Failure Patients With Preserved Ejection Fraction,UNKNOWN,2023-03-19,86,Other,trial
NCT03928158,LCZ696 in Advanced LV Hypertrophy and HFpEF,COMPLETED,2023-06-30,61,ARNI,trial
NCT03966755,Unsaturated Fatty Acids to Improve Cardiorespiratory Fitness in Obesity and HFpEF,COMPLETED,2023-05-11,30,Other,trial
NCT04111536,Developing Oral LT3 Therapy for Heart Failure - HFpEF,COMPLETED,2023-10-31,28,Other,trial
NCT04318145,Study to Evaluate Sex Differences in the Acute Effects of PL-3994 in Heart Failure Subjects,TERMINATED,2023-12-08,15,Other,trial
NCT04424914,Global Prevalence of ATTR-CM in Participants With HFpEF,TERMINATED,2023-06-02,347,Other,trial
NCT04546555,Physiologic Accelerated Pacing as a Treatment in Patients With Heart Failure With Preserved Ejection Fraction,COMPLETED,2023-05-16,20,Other,trial
NCT04633460,Acute Effects of Exogenous Ketone Ester Administration in Heart Failure,COMPLETED,2023-10-04,26,Other,trial
NCT04698954,Evaluating the Adherence Improving Self-Management Strategy Intervention in Chronic Heart Failure Patients,COMPLETED,2023-02-03,86,Other,trial
NCT04757584,Pilot Deprescribing N-of-1 Trials for Beta-blockers in HFpEF,COMPLETED,2023-04-28,9,Other,trial
NCT04788511,Research Study to Investigate How Well Semaglutide Works in People Living With Heart Failure and Obesity,COMPLETED,2023-04-18,529,Other,trial
NCT04857931,Colchicine in HFpEF,TERMINATED,2023-03-07,14,Other,trial
NCT04916470,"Research Study to Look at How Well Semaglutide Works in People Living With Heart Failure, Obesity and Type 2 Diabetes",COMPLETED,2023-10-11,617,Other,trial
NCT04942548,Reverse HFpEF: Ketogenic Reversal of Heart Failure With Preserved Ejection Fraction Study,COMPLETED,2023-07-24,16,Other,trial
NCT04996719,Effect of Rapamycin to Improve Cardiac Function in Frail Older Adults,COMPLETED,2023-08-25,24,Other,trial
NCT05122793,"""HerzCheck"" - Detection of Early Heart Failure Using Telemedicine in Structurally Weak Regions",ACTIVE_NOT_RECRUITING,2023-04-05,4509,Other,trial
NCT05128331,"sPERMIdine supplemenTation on Metabolic, Neuronal and Cardiovascular Response to Exercise TRAINING",UNKNOWN,2023-12-31,30,Other,trial
NCT05159570,Modulation of Circulating Levels of the Ketone Body 3-hydroxybutyrate in Patients With Type 2 Diabetes and Heart Failure With Preserved Ejection Fraction: Metabolic Effects. (KETO-HFpEF-Metabolic),COMPLETED,2023-06-15,10,Other,trial
NCT05236335,Modulation of Circulating Levels of the Ketone Body 3-hydroxybutyrate in Patients With Type 2 Diabetes and Heart Failure With Preserved Ejection Fraction: Cardiovascular Effects.,COMPLETED,2023-06-15,24,Other,trial
NCT05312021,Selective PDE9 Inhibition With IMR-687 in Adults With Heart Failure With Preserved Ejection Fraction,WITHDRAWN,2023-09-19,0,Other,trial
NCT05322616,Single-Ascending Dose Study of JK07 in Subjects With HFpEF,WITHDRAWN,2023-05-26,0,Other,trial
NCT05338437,NMES in HF Patients to Improve Functional Recovery Following Hospitalization,COMPLETED,2023-09-30,9,Other,trial
NCT05409183,Effectiveness of CRD-740 in Heart Failure,TERMINATED,2023-05-02,60,Other,trial
NCT05551663,Isometric Exercise Training in Participants With Heart Failure With Preserved Ejection Fraction,UNKNOWN,2023-09-19,48,Other,trial
NCT05745337,Atrial Fibrillation: Chronic Beta-blocker Use Versus As-needed Rate Control Guided by Implantable Cardiac Monitor,UNKNOWN,2023-12-31,20,Unknown,trial
NCT05985395,HEART Camp Connect: A Feasibility Study,TERMINATED,2023-11-20,11,Other,trial
NCT06629246,Pogejiuxin Decoction Combination of Conventional Western Medicine for the Treatment of Heart Failure with Preserved Ejection Fraction,COMPLETED,2023-08-20,100,Other,trial
NCT03833336,Effects of Iron Therapy in Heart Failure With Preserved Ejection Fraction and Iron Deficiency (PREFER-HF),COMPLETED,2024-09-15,72,Other,trial
NCT03924479,Respiratory Muscle Function in Heart Failure,COMPLETED,2024-03-21,30,Other,trial
NCT04160000,Treatment Of Atrial Fibrillation In Preserved Cardiac Function Heart Failure,RECRUITING,2024-12-31,360,Other,trial
NCT04434664,BLOCKade of Calcium Channels and Beta Adrenergic Receptors for the Treatment of Hypertension in HFpEF,COMPLETED,2024-12-03,50,Other,trial
NCT04435626,Study to Evaluate the Efficacy (Effect on Disease) and Safety of Finerenone in Participants With Heart Failure and Left Ventricular Ejection Fraction (Proportion of Blood Expelled Per Heart Stroke) Greater or Equal to 40%,COMPLETED,2024-05-15,6016,MRA,trial
NCT04727073,Spironolactone in the Treatment of Heart Failure,TERMINATED,2024-10-01,743,MRA,trial
NCT04745013,PeRsonalIzed remOtely Guided Preventive exeRcIse Therapy for a healThY Heart,UNKNOWN,2024-06-19,312,Other,trial
NCT04847557,A Study of Tirzepatide (LY3298176) in Participants With Heart Failure With Preserved Ejection Fraction (HFpEF) and Obesity: The SUMMIT Trial,COMPLETED,2024-07-02,731,Other,trial
NCT04944706,Efficacy and Safety of Qishenyiqi Dripping Pills for Treating Chronic Heart Failure With Preserved Ejection Fraction,COMPLETED,2024-12-19,225,Other,trial
NCT04986202,Study to Evaluate the Efficacy and Safety of AZD4831 in Participants With Heart Failure With Left Ventricular Ejection Fraction > 40%,COMPLETED,2024-03-27,711,Other,trial
NCT05002075,Efficacy of an m-Health Cardiac Rehabilitation Program in Heart Failure With Preserved Ejection Fraction,COMPLETED,2024-05-13,69,Other,trial
NCT05030987,Renal Denervation to Treat Heart Failure With Preserved Ejection Fraction,RECRUITING,2024-12-31,68,Other,trial
NCT05129722,"Polydiuretic Therapy for HFpEF, a Randomised Controlled Trial",TERMINATED,2024-05-01,3,Other,trial
NCT05284617,"Exploratory Ph 2A, Double-Blind, Placebo-Controlled Dose Escalation Study of Safety, Tolerability, PD, & PK of HU6 for Subjects With Obese HFpEF",COMPLETED,2024-05-24,67,Other,trial
NCT05553314,Carvedilol in HF With Preserved EF,UNKNOWN,2024-08-30,100,Beta blockers,trial
NCT05584319,EMPAGUM: Effects of Empagliflozin on Gut Microbiota in Heart Failure With a Preserved Ejection Fraction,UNKNOWN,2024-10-19,100,SGLT2 inhibitors,trial
NCT05600387,Empagliflozin on the Function of Left Atrium in Heart Failure With Mildly Reduced or Preserved Ejection Fraction,UNKNOWN,2024-10-19,100,SGLT2 inhibitors,trial
NCT05649787,Effects of a Supervised Training Program on Functional Capacity in Patients With HFpEF and Chronotropic Incompetence,COMPLETED,2024-11-18,80,Other,trial
NCT05672134,Evaluation of GeranylGeranylAcetone in Heart Failure With Preserved Ejection Fraction,COMPLETED,2024-08-30,43,Other,trial
NCT05676684,Dapagliflozin With or Without Spironolactone for HFpEF,COMPLETED,2024-11-29,108,SGLT2 inhibitors,trial
NCT05715697,Renal Denervation in Patients With Chronic Heart Failure With Preserved Ejection Fraction,RECRUITING,2024-09-01,200,Other,trial
NCT05726474,Comparison of the Effect of Two Types of Physical Exercises in Patients With Heart Failure With Preserved Ejection Fraction,COMPLETED,2024-09-30,72,Other,trial
NCT05789147,Transcutaneous Vagus Nerve Stimulation in Heart Failure,COMPLETED,2024-09-30,29,Other,trial
NCT05847244,The Effect of Addition of Metformin In Obese Non- Diabetic Patients With Heart Failure With Preserved Ejection Fraction,UNKNOWN,2024-10-10,80,Other,trial
NCT05884346,Association Between Coronary and Peripheral Vascular Injury in Heart Failure Patients With Preserved Ejection Fraction.,UNKNOWN,2024-05-19,84,Other,trial
NCT05991128,The Effects of Ferric Derisomaltose in Patients With Acute Heart Failure and Iron Deficiency on Exercise Capacity and Quality of Life,UNKNOWN,2024-08-01,170,Other,trial
NCT06036186,Study for the Treatment of Heart Failure With Preserved Ejection Fraction Associated With High Blood Pressure Using Right Atrial Pacing Controlled by the PressurePaceTM System,COMPLETED,2024-04-12,16,Other,trial
NCT06080802,The Effect of Addition of Metformin to SGLT2 In Diabetic Patients With Heart Failure With Preserved Ejection Fraction,UNKNOWN,2024-11-01,80,Other,trial
NCT06401343,Use of SGLT2i in noHCM With HFpEF,RECRUITING,2024-08-01,94,SGLT2 inhibitors,trial
NCT06485128,Investigating Multimodally Endothelial Dysfunction in Ocular and Systemic Disease,UNKNOWN,2024-12-31,1000,Other,trial
NCT06683053,Evaluation of the Use of Empagliflozin in Patients with HF with PEF in a Cardiology Outpatient Department,ACTIVE_NOT_RECRUITING,2024-04-29,90,SGLT2 inhibitors,trial
NCT04068844,Mechanisms of Exercise Intolerance in Heart Failure With Preserved Ejection Fraction,ACTIVE_NOT_RECRUITING,2025-08-01,93,Other,trial
NCT04153136,The ENCHANTMENT HIV Study,COMPLETED,2025-07-09,39,ARNI,trial
NCT04945460,A Study of Sotatercept for the Treatment of Cpc-PH Due to HFpEF (MK-7962-007/A011-16),ACTIVE_NOT_RECRUITING,2025-09-05,164,Other,trial
NCT05093959,Metformin for Older Patients With Heart Failure With Preserved Ejection Fraction,ACTIVE_NOT_RECRUITING,2025-12-18,86,Other,trial
NCT05223751,Parasympathetic Augmentation Via Respiratory Training for Patients With Systolic Heart Failure,TERMINATED,2025-06-20,65,Other,trial
NCT05236413,The Effect of a High Fiber Diet and High-Intensity Interval Exercise in Patients With HFpEF,RECRUITING,2025-08-01,36,Other,trial
NCT05393362,Effectiveness of a Cardiac Rehabilitation Program in Elderly Patients With Heart Failure.,COMPLETED,2025-07-01,65,Other,trial
NCT05408559,Prevention of Age-associated Cardiac and Vascular Dysfunction Using Avmacol ES,RECRUITING,2025-08-30,200,Other,trial
NCT05464238,Training in HFpEF-PH,NOT_YET_RECRUITING,2025-12-19,90,Other,trial
NCT05562063,Sotagliflozin in Heart Failure With Preserved Ejection Fraction (HFpEF) Patients,COMPLETED,2025-06-04,88,SGLT2 inhibitors,trial
NCT05592275,A Study of LY3540378 in Participants With Worsening Chronic Heart Failure With Preserved Ejection Fraction (HFpEF),TERMINATED,2025-01-22,332,Other,trial
NCT05637398,Colchicine in Patients With Heart Failure and Preserved Left Ventricular Ejection Fraction,RECRUITING,2025-09-01,40,Other,trial
NCT05752760,Pilot Study Lp299v Supplementation in Chronic Heart Failure,RECRUITING,2025-03-31,20,Other,trial
NCT05764564,External Body Pressure in Heart Failure With Preserved Ejection Fraction,COMPLETED,2025-05-31,27,Other,trial
NCT05795400,Administration of the SGLT-2 Inhibitor Dapagliflozin in the Patients With Amyloid Cardiomyopathy,ACTIVE_NOT_RECRUITING,2025-02-26,50,SGLT2 inhibitors,trial
NCT05824923,A Trial to Evaluate the Safety and Efficacy of Pulmonary Artery Denervation for the Treatment of Pulmonary Hypertension Associated With Left Heart Failure,RECRUITING,2025-08-19,264,Other,trial
NCT05830760,Expression of Sodium-glucose Co-transporter 2 in Human Heart,WITHDRAWN,2025-10-19,0,Other,trial
NCT05878912,The Effect of Obesity and Weight Loss in Heart Failure With Preserved Ejection Fraction,RECRUITING,2025-10-19,120,Other,trial
NCT05953831,Reverse Remodeling Effects of CDR132L in Patients With Heart Failure With Mildly Reduced or Preserved Ejection Fraction and Cardiac Hypertrophy,WITHDRAWN,2025-09-19,0,Other,trial
NCT05991284,Sacubitril-Valsartan in Heart Failure With Preserved Ejection Fraction and Secondary Mitral Valve Regurgitation,ACTIVE_NOT_RECRUITING,2025-09-22,84,ARNI,trial
NCT06130059,Efficacy of LoDoCo in Improving Exercise Capacity Among Patients With HFpEF and Inflammation,RECRUITING,2025-12-31,60,Other,trial
NCT06215586,Safety & Effectiveness of Tovinontrine in Chronic Heart Failure With Preserved Ejection Fraction (Cycle-2-PEF),COMPLETED,2025-09-02,303,Other,trial
NCT06217120,Reversing Microvascular Dysfunction in Heart Failure With Preserved Ejection Fraction,NOT_YET_RECRUITING,2025-10-01,60,Other,trial
NCT06350487,The Efficacy of Enavogliflozin in Heart Failure With Preserved Ejection Fraction,NOT_YET_RECRUITING,2025-12-31,154,Other,trial
NCT06369298,Study of JK07 in Patients With Chronic Heart Failure,RECRUITING,2025-12-31,282,Other,trial
NCT06377761,Study on Heart Failure with Preserved Ejection Fraction with Qishen Granules,RECRUITING,2025-12-31,80,Other,trial
NCT06510270,Dapagliflozin in Reducing Epicardial Adipose Tissue in Heart Failure with Preserved Ejection Fraction,NOT_YET_RECRUITING,2025-08-01,70,SGLT2 inhibitors,trial
NCT06576297,Novel Respiratory Training as Part of Palliative Care for Older Adults With Heart Failure,ACTIVE_NOT_RECRUITING,2025-02-28,30,Other,trial
NCT06581159,Study of HS135 in Obese Patients With Pulmonary Hypertension and Heart Failure With Preserved Ejection Fraction,TERMINATED,2025-07-29,4,Other,trial
NCT06604611,Colchicine in Patients with Heart Failure with Preserved Ejection Fraction and Inflammation,NOT_YET_RECRUITING,2025-12-31,200,Other,trial
NCT06616233,Remote Ischaemic Conditioning (RIC) in Heart Failure,UNKNOWN,2025-10-19,60,Other,trial
NCT06655532,Effects of an Exercise Program in Women Over 60 yr. With HFpEF and Sarcopenia on Functional Capacity and Quality of Life,NOT_YET_RECRUITING,2025-10-30,40,Other,trial
NCT06731738,Mangafodipir - an Intracellular Contrast Agent for Magnetic Resonance Imaging (MRI): Measuring Manganese Uptake Rate in Heart Failure Patients With Preserved Ejection Fraction (HFpEF) Patients.,COMPLETED,2025-11-29,44,Other,trial
NCT06775886,Effect of Personalized Accelerated Pacing in Symptomatic Patients With Non-Obstructive Hypertrophic Cardiomyopathy,TERMINATED,2025-10-23,1,Other,trial
NCT07251361,"Effects of a Multicomponent Training Program on Cardiac Function, Skeletal Muscle Metabolism, Functional Capacity, and Quality of Life in Patients With HFpEF: SENSORFIT-4HEART Study",ENROLLING_BY_INVITATION,2025-02-01,150,Other,trial
NCT07303556,Improving Cardiovascular Disease Diagnosis and Treatment in Kazakhstan Using Metabolic Correction With GLP-1 Drugs,ACTIVE_NOT_RECRUITING,2025-07-01,120,Other,trial
NCT02901184,Spironolactone Initiation Registry Randomized Interventional Trial in Heart Failure With Preserved Ejection Fraction,RECRUITING,2026-12-19,2000,MRA,trial
NCT03629340,Metformin for Pulmonary Hypertension HFpEF,RECRUITING,2026-02-19,10,Other,trial
NCT04282850,Ablation Versus Medical Management of Atrial Fibrillation in HFpEF,ACTIVE_NOT_RECRUITING,2026-02-19,60,Other,trial
NCT04506606,Cardiac Rehab Effects in HFpEF,RECRUITING,2026-09-30,60,Other,trial
NCT04945707,Impact of Intravenous Iron Repletion On Mechanisms of Exercise InTolerance in HFpEF (IRONMET-HFpEF),RECRUITING,2026-02-28,66,Other,trial
NCT05057806,"SGLT2 Inhibitors, Ketones, and Cardiovascular Benefit Research Plan",RECRUITING,2026-11-30,30,SGLT2 inhibitors,trial
NCT05136820,"Flow Regulation by Opening the SepTum in Patients With Heart Failure; a Prospective, Randomized, Sham-controlled, Double-blind, Global Multicenter Study",ACTIVE_NOT_RECRUITING,2026-02-19,15,Other,trial
NCT05138575,SGLT2i and KNO3 in HFpEF - The SAK HFpEF Trial,RECRUITING,2026-03-01,53,SGLT2 inhibitors,trial
NCT05371496,Cardiac and Metabolic Effects of Semaglutide in Heart Failure With Preserved Ejection Fraction,ENROLLING_BY_INVITATION,2026-08-19,81,Other,trial
NCT05508256,CAtheter-Based Ablation of Atrial Fibrillation Compared to Conventional Treatment in Patients With Heart Failure With Preserved Ejection Fraction,RECRUITING,2026-07-19,1548,Other,trial
NCT05582044,Exercise Lower-body Negative Pressure in Heart Failure With Preserved Ejection Fraction,RECRUITING,2026-01-19,60,Other,trial
NCT05585125,A Preliminary Study for INFORMED,ENROLLING_BY_INVITATION,2026-07-19,20,Other,trial
NCT05672836,ENAVOgliflozin Outcome Trial in Patients With Severe Aortic Stenosis After Transcatheter Aortic Valve Replacement,RECRUITING,2026-12-19,1040,Other,trial
NCT05719714,Effect of Dapagliflozin on Metabolomics and Cardiac Mechanics in Chronic Kidney Disease,RECRUITING,2026-03-01,60,SGLT2 inhibitors,trial
NCT05793996,The Prevalence of Iron Deficiency and the Effectiveness of Ferinject® in Patients With HFpEF (ID-HFpEF),RECRUITING,2026-12-19,100,Other,trial
NCT05839730,Fast Induced Remodeling in Heart Failure With Preserved Ejection Fraction,RECRUITING,2026-07-19,105,Other,trial
NCT05887271,"A Randomised, Controlled Trial of a Low-energy Diet for Improving Functional Status in Heart Failure With PRESERVED Ejection Fraction Preserved Ejection Fraction",RECRUITING,2026-05-31,63,Other,trial
NCT05983250,LEVosimendan to Improve Exercise Limitation in Patients With PH-HFpEF,RECRUITING,2026-10-19,230,Other,trial
NCT06008197,A Study to Determine the Efficacy and Safety of Finerenone on Morbidity and Mortality Among Hospitalized Heart Failure Patients,RECRUITING,2026-04-19,5200,MRA,trial
NCT06078683,Effects of Ketone Ester Consumption on Exercise Tolerance and Cardiac Function,RECRUITING,2026-08-31,30,Other,trial
NCT06081049,The COLchicine HEART Failure PRESERVED Trial (COLHEART-PRESERVED),RECRUITING,2026-06-19,152,Other,trial
NCT06081543,Ketogenic Diet vs Mixed Diet in Patients With Heart Failure,RECRUITING,2026-08-31,90,Other,trial
NCT06096675,CAPACITY (Cardiac Amyloidosis and Physical ACtivITY) Study,RECRUITING,2026-12-19,50,Other,trial
NCT06122779,"Study to Evaluate Safety, Tolerability and Drug Levels of BMS-986435/MYK-224 in Participants With Heart Failure With Preserved Ejection Fraction (HFpEF)",RECRUITING,2026-07-03,208,Other,trial
NCT06125925,Catheter Ablation in Atrial Fibrillation Patients With HFpEF (STABLE-SR IV Trial),RECRUITING,2026-11-19,436,Other,trial
NCT06200207,A Research Study Looking Into How Ziltivekimab Works Compared to Placebo in Participants With Heart Failure and Inflammation,RECRUITING,2026-10-05,680,Other,trial
NCT06278844,Exercise Capacity Improvement by Conduction System Pacing in heArt Failure patieNts Without Compelling CRT inDication,RECRUITING,2026-09-19,75,Other,trial
NCT06388226,Leg Heat Therapy in Heart Failure With Preserved Ejection Fraction,RECRUITING,2026-08-20,90,Other,trial
NCT06391710,HRS9531 Injection in Obese Subjects With Heart Failure With Preserved Ejection Fraction,ACTIVE_NOT_RECRUITING,2026-01-19,203,Other,trial
NCT06442280,SGLT-2 Inhibitor and High-Dose Furosemide Plus Small-Volume Hypertonic Saline Solution in Acute HF,NOT_YET_RECRUITING,2026-01-31,544,SGLT2 inhibitors,trial
NCT06479876,Home-Based Cardiac Rehabilitation for Patients With Heart Failure,RECRUITING,2026-08-19,100,Other,trial
NCT06536309,Neprilysin Inhibition to Reduce Myocardial Fibrosis in Heart Failure With Preserved Ejection Fraction,NOT_YET_RECRUITING,2026-12-19,36,ARNI,trial
NCT06593314,Using Ultromics EchoGo HFpEF Algorithm to Identify and Treat High Heart Failure Risk in Patients With Type 2 Diabetes,RECRUITING,2026-03-15,800,Other,trial
NCT06616974,A Study of TX000045 in Patients With Pulmonary Hypertension Secondary to Heart Failure With Preserved Ejection Fraction (the APEX Study),RECRUITING,2026-10-09,180,Other,trial
NCT06652087,Rifaximin and Cardiac Function in Patients with Heart Failure with Preserved Ejection Fraction,RECRUITING,2026-09-30,40,Other,trial
NCT06655480,"Triple Combination Therapy (ARNI, SGLT2i, MRA) in Advanced HFpEF",NOT_YET_RECRUITING,2026-09-01,50,Other,trial
NCT06793371,"AMBER-HFpEF: Assessment of CK-4021586 in a Multi-Center, Blinded Evaluation of Safety and Tolerability Results in HFpEF",RECRUITING,2026-09-19,60,Other,trial
NCT06820099,Study on the Efficacy and Safety of HRS-7535 in Patients With Mild Decrease in Ejection Fraction/Preserved Ejection Fraction Heart Failure and Obesity,RECRUITING,2026-12-19,225,Other,trial
NCT06862908,A Study of IBI362 in Subjects With HFpEF or HFmrEF Combined With Obesity,RECRUITING,2026-09-24,141,Other,trial
NCT06929169,Cardiovascular Effects of SGLT2 Inhibitors in Hemodialysis Patients: A Phase 2 Randomized Study,RECRUITING,2026-07-19,80,Other,trial
NCT06946251,Transcutaneous Diaphragm Stimulation in ICU Patients,NOT_YET_RECRUITING,2026-02-19,76,Other,trial
NCT06992089,SHort Of Pace - Heart Failure (SHOP-HF),RECRUITING,2026-06-19,30,Other,trial
NCT06994325,Testing the CHAT Program for Patients With Heart Failure,ENROLLING_BY_INVITATION,2026-01-01,50,Other,trial
NCT07024810,"Effect of Nurse-assessed Remote Ischemic Preconditioning on Improving Exercise Capacity, Endothelial Function, and Arterial Stiffness in Patients With Heart Failure With Preserved Ejection Fraction",NOT_YET_RECRUITING,2026-02-28,48,Other,trial
NCT07053475,IRONICA: IRON Repletion In Heart Failure - A Comparison of Oral and IV Approaches,RECRUITING,2026-12-31,250,Other,trial
NCT07219511,"A Safety, Tolerability, and Biomarker Trial of VS-041 in Participants With Heart Failure With Preserved Ejection Fraction (HFpEF)",RECRUITING,2026-06-19,42,Other,trial
NCT07223242,Tailored Exercise Training Study Among Adults With HFpEF,RECRUITING,2026-12-30,120,Other,trial
NCT07385417,Electroporation Treatment for Early AF Management in Heart Failure With Preserved Ejection Fraction (HFpEF) Pilot Study,RECRUITING,2026-04-12,200,Other,trial
NCT07417215,The Effect of Sacubitril and Valsartan on Heart Function in Chronic Hemodialysis Patients With HFpEF,NOT_YET_RECRUITING,2026-04-10,60,ARNI,trial
NCT04913805,Matching Perfusion and Metabolic Activity in HFpEF,RECRUITING,2027-05-01,53,Other,trial
NCT05279742,Enhancing the Natriuretic Peptide System in HFpEF,ENROLLING_BY_INVITATION,2027-04-19,60,Other,trial
NCT05425459,RESPONDER-HF Trial,RECRUITING,2027-07-19,750,Other,trial
NCT05525663,Physical Rehabilitation for Older Patients With Acute Heart Failure With Preserved Ejection Fraction,RECRUITING,2027-11-19,880,Other,trial
NCT05636176,A Research Study to Look at How Ziltivekimab Works Compared to Placebo in People With Heart Failure and Inflammation,RECRUITING,2027-07-02,5600,Other,trial
NCT06027307,Enavogliflozin Outcome Trial in Functional Tricuspid Regurgitation,ACTIVE_NOT_RECRUITING,2027-06-19,541,Other,trial
NCT06065124,Bariatric Surgery Evaluation and Assessment of Treatment Efficacy - Intervention Trial,RECRUITING,2027-10-19,108,Other,trial
NCT06249945,EMPAgliflozin in Heart Failure With PReserved Ejection Fraction and End Stage Renal Disease,RECRUITING,2027-12-31,150,SGLT2 inhibitors,trial
NCT06532019,Clinical Study of Active Intervention in High-risk HFpEF Patients,NOT_YET_RECRUITING,2027-08-01,924,Other,trial
NCT06650995,AlEX-DHF: Ablation and Exercise in Diastolic Heart Failure,RECRUITING,2027-02-25,40,Other,trial
NCT06740539,Atrial Fibrillation with Heart Failure with Preserved Ejection Fraction: Treatment Strategies-Catheter Ablation Vs. Anti-Atrial Arrhythmia Drugs,NOT_YET_RECRUITING,2027-01-01,304,Other,trial
NCT06762964,CAMEO-FONTAN -Dapagliflozin in the Failing Fontan Circulation,RECRUITING,2027-02-19,27,SGLT2 inhibitors,trial
NCT06937320,Chronic Exogenous Ketosis in HFpEF,ENROLLING_BY_INVITATION,2027-06-19,20,Other,trial
NCT06937827,Transitions of Care Clinic (TOCC),RECRUITING,2027-04-15,150,Other,trial
NCT06946095,Efficacy and Safety of Xinyue Capsule in the Treatment of Heart Failure With Preserved Ejection Fraction,NOT_YET_RECRUITING,2027-10-31,246,Other,trial
NCT06979362,A Research Study Comparing Different Doses of CDR132L With Placebo on the Structure and Function of the Heart in People With Heart Failure With Preserved Ejection Fraction and Left Ventricular Hypertrophy,RECRUITING,2027-05-16,200,Other,trial
NCT06991257,A Study to Learn About the Study Medicine Called PF-07328948 in Adults With Heart Failure (BRANCH-HF),RECRUITING,2027-11-16,620,Other,trial
NCT07077811,The Safety and Efficacy of Pulsed Field Ablation for Patients With Persistent Atrial Fibrillation Comorbid With HFpEF.,ENROLLING_BY_INVITATION,2027-06-01,158,Other,trial
NCT07083011,A Study of 68Ga-Fibroblast Activation Protein Inhibitor (FAPI) Positron Emission Tomography in Heart Failure,RECRUITING,2027-07-19,35,Other,trial
NCT07096726,Boston Medical Center Ultrasound Decongestion Study in Heart Failure,NOT_YET_RECRUITING,2027-10-19,200,Other,trial
NCT07123779,Study of HS235 in Obese Patients With Pulmonary Hypertension and Heart Failure With Preserved Ejection Fraction (HFpEF),NOT_YET_RECRUITING,2027-09-19,40,Other,trial
NCT07147114,Clinical Trial to Evaluate the Efficacy and Safety in Concomitant Administration of Macitentan and Dapagliflozin in Patients With Heart Failure With Mildly Reduced and Preserved Ejection Fraction (HFmrEF and HFpEF) and Combined Pre- and Post-capillary Pulmonary Hypertension (CpcPH),NOT_YET_RECRUITING,2027-09-30,64,Other,trial
NCT07202000,EXercise and Activin Inhibition to Modulate InflammatioN Effects on Heart Failure and Cognition (EXAMINE-HFC),NOT_YET_RECRUITING,2027-07-19,48,Other,trial
NCT07250529,Left Bundle Branch Pacing vs Right Ventricular Pacing on AHRE Burden in Patients With Preserved LVEF,NOT_YET_RECRUITING,2027-11-25,100,Other,trial
NCT07263035,Urine Sodium-Driven Diuretic Adjustment Strategy in Acute Decompensated Heart Failure,NOT_YET_RECRUITING,2027-06-01,600,Other,trial
NCT07269717,A Phase II Clinical Trial of HRS-1893 in the Treatment of Heart Failure With Preserved Ejection Fraction,NOT_YET_RECRUITING,2027-03-19,48,Other,trial
NCT07272902,Treating Atrial Fibrillation in Heart Failure With Preserved Ejection Fraction: Ablation or Medication,RECRUITING,2027-10-19,84,Other,trial
NCT07295522,Pharmacological Optimization in Prevention in Heart Failure: A Sex-gap?,NOT_YET_RECRUITING,2027-06-08,368,Other,trial
NCT07365501,Acute Effect of Nurse-assessed Remote Ischemic Preconditioning on Improving Vascular Parameters in Patients With Suspected Heart Failure With Preserved Ejection Fraction,ENROLLING_BY_INVITATION,2027-02-28,48,Other,trial
NCT03197350,Characterization of Heart Failure With Preserved Ejection Fraction,RECRUITING,2028-12-19,500,Other,trial
NCT05723679,Targeting Breathing Limitations to Improve Functional Outcomes in HFpEF,RECRUITING,2028-06-30,78,Other,trial
NCT05784753,HEART Camp Connect -Promoting Exercise in Adults With Heart Failure With Preserved Ejection Fraction,RECRUITING,2028-02-19,300,Other,trial
NCT06312748,Novel Approaches for Improving Vascular Function in Veterans With HFpEF,RECRUITING,2028-09-30,90,Other,trial
NCT06510231,Inspiratory Muscle Training in HFpEF,RECRUITING,2028-04-19,68,Other,trial
NCT06670001,MOVE-HF MOtivating Physical Activity With BehaVioral Economics in Heart Failure With Preserved Ejection Fraction,RECRUITING,2028-12-31,270,Other,trial
NCT06678841,ELEVATE-HFpEF Clinical Study,RECRUITING,2028-08-19,700,Other,trial
NCT07037459,Maridebart Cafraglutide in Heart Failure With Preserved or Mildly Reduced Ejection Fraction and Obesity,RECRUITING,2028-06-30,5056,Other,trial
NCT07254455,CASTLE-HFpEF (Catheter Ablation for Atrial Fibrillation Patients With Heart Failure With Mildly Reduced and Preserved Ejection Fraction),NOT_YET_RECRUITING,2028-06-19,900,Other,trial
NCT07288398,LEVEL-2: LEVosimendan to Improve Exercise Limitation in Patients With PH-HFpEF-2,RECRUITING,2028-06-30,540,Other,trial
NCT07331220,Pulmonary Artery Denervation for Heart Failure With Preserved Left Ventricular Ejection Fraction,NOT_YET_RECRUITING,2028-12-30,310,Other,trial
NCT07349979,PCI With Guideline-Directed Medical Therapy for HFpEF Patients With Ischemic Cardiomyopathy,NOT_YET_RECRUITING,2028-01-30,654,Other,trial
NCT05064709,Assessment of CCM in HF With Higher Ejection Fraction,RECRUITING,2029-02-01,1500,Other,trial
NCT05838287,Pioglitazone on Heart Failure in Type-2 Diabetes Mellitus Participants,RECRUITING,2029-08-19,78,Other,trial
NCT06814145,Extension Study of Sotatercept in People With Pulmonary Hypertension (MK-7962-023),RECRUITING,2029-03-30,130,Other,trial
NCT06833138,"Atrioventricular Node Ablation and Conduction System Pacing in Patients With Well Controlled Permanent Atrial Fibrillation (AF), Heart Failure and Preserved Ejection Fraction: Heart Rate Regularization Versus Medical Rate Control",RECRUITING,2029-05-31,266,Other,trial
NCT07178145,Epicardial Adipose Tissue Composition and Heart Failure With Preserved Ejection Fraction,NOT_YET_RECRUITING,2029-09-19,192,Other,trial
NCT07214376,A Randomized Placebo-procedure Controlled Trial of the Enhancor System (PULmonary Artery Denervation) to Evaluate Safety and Efficacy in Patients With Combined Pre- and Post-capillary Pulmonary Hypertension Associated With Left Heart Disease,NOT_YET_RECRUITING,2029-12-31,750,Other,trial
NCT07298993,Deprescribing Beta-Blockers in Elders With Heart Failure With Preserved Ejection Fraction (DEPRESCRIBE-HFpEF),NOT_YET_RECRUITING,2029-04-19,240,Other,trial
NCT07322237,DICE Study- Diastolic Improvement With Carvedilol & Empagliflozin in Patients With Cirrhosis,RECRUITING,2029-01-30,400,SGLT2 inhibitors,trial
NCT07414225,Safety and Efficacy of Transcatheter Edge-to-Edge Repair for Atrial Functional Mitral Regurgitation,NOT_YET_RECRUITING,2030-02-25,400,Other,trial
NCT00163709,BNP Testing in Patients With SOB on Presentation to ED,UNKNOWN,,600,Other,trial
